{
  "format_version": "1.21.90",
  "minecraft:item": {
    "description": {
      "identifier": "thump989:astral_postion",
      "menu_category": {
        "category": "equipment",
        "group": "minecraft:itemGroup.name.potion"
      }
    },
    "components": {
      "minecraft:max_stack_size": 1,
      "minecraft:icon": "astral_postion",
      "minecraft:rarity": "epic",
      "minecraft:food": {
        "nutrition": 0,
        "saturation_modifier": 0,
        "can_always_eat": true
      },
      "thump989:astral_potion": {},
      "minecraft:use_modifiers": {
        "movement_modifier": 0.32,
        "use_duration": 1.6
      },
      "minecraft:use_animation": "drink"
    }
  }
}
