{
  "format_version": "1.17.41",
  "minecraft:recipe_shaped": {
    "description": {
      "identifier": "thump989:bell"
    },
    "tags": ["mystic_workbench"],
    "pattern": ["GGG", "GIG", "G G"],
    "key": {
      "G": "minecraft:gold_ingot",
      "I": "minecraft:iron_ingot"
    },
    "unlock": [
      {
        "item": "thump989:mystic_workbench"
      },
      { "item": "thump989:cube_of_knowledge" }
    ],
    "result": [
      {
        "item": "minecraft:bell",

        "count": 1
      }
    ]
  }
}
