{
  "format_version": "1.17.41",
  "minecraft:recipe_shaped": {
    "description": {
      "identifier": "thump989:elytra"
    },
    "tags": ["mystic_workbench"],
    "pattern": ["PPP", "PAP", "P P"],
    "key": {
      "P": "minecraft:phantom_membrane",
      "A": "thump989:air_gem"
    },
    "unlock": [
      {
        "item": "thump989:mystic_workbench"
      },
      { "item": "thump989:cube_of_knowledge" }
    ],
    "result": [
      {
        "item": "minecraft:elytra",

        "count": 1
      }
    ]
  }
}
