{
  "format_version": "1.17.41",
  "minecraft:recipe_shaped": {
    "description": {
      "identifier": "thump989:experience_bottle"
    },
    "tags": ["mystic_workbench"],
    "pattern": ["III", "INI", "III"],
    "key": {
      "N": "minecraft:glass_bottle",
      "I": "thump989:pure_magic"
    },
    "unlock": [
      {
        "item": "thump989:mystic_workbench"
      },
      { "item": "thump989:cube_of_knowledge" }
    ],
    "result": [
      {
        "item": "minecraft:experience_bottle",

        "count": 1
      }
    ]
  }
}
