{
  "format_version": "1.17.41",
  "minecraft:recipe_shaped": {
    "description": {
      "identifier": "thump989:ink_sac"
    },
    "tags": ["mystic_workbench"],
    "pattern": ["PP", "PP"],
    "key": {
      "P": "minecraft:black_dye"
    },
    "unlock": [
      {
        "item": "thump989:mystic_workbench"
      },
      { "item": "thump989:cube_of_knowledge" }
    ],
    "result": [
      {
        "item": "minecraft:ink_sac",

        "count": 2
      }
    ]
  }
}
