{
  "format_version": "1.17.41",
  "minecraft:recipe_shaped": {
    "description": {
      "identifier": "thump989:name_tag"
    },
    "tags": ["mystic_workbench"],
    "pattern": ["S", "P", "P"],
    "key": {
      "S": "minecraft:string",
      "P": "minecraft:paper"
    },
    "unlock": [
      {
        "item": "thump989:mystic_workbench"
      },
      { "item": "thump989:cube_of_knowledge" }
    ],
    "result": [
      {
        "item": "minecraft:name_tag",

        "count": 1
      }
    ]
  }
}
