{
  "format_version": "1.17.41",
  "minecraft:recipe_shaped": {
    "description": {
      "identifier": "thump989:ominous_bottle"
    },
    "tags": ["mystic_workbench"],
    "pattern": ["BBB", "BWB", "BBB"],
    "key": {
      "B": "thump989:black_bone",
      "W": "minecraft:glass_bottle"
    },
    "unlock": [
      {
        "item": "thump989:mystic_workbench"
      },
      { "item": "thump989:cube_of_knowledge" }
    ],
    "result": [
      {
        "item": "minecraft:ominous_bottle",

        "count": 1
      }
    ]
  }
}
