{
  "format_version": "1.17.41",
  "minecraft:recipe_shaped": {
    "description": {
      "identifier": "thump989:sponge"
    },
    "tags": ["mystic_workbench"],
    "pattern": ["YYY", "YYY", "YYY"],
    "key": {
      "Y": "minecraft:yellow_dye"
    },
    "unlock": [
      {
        "item": "thump989:mystic_workbench"
      },
      { "item": "thump989:cube_of_knowledge" }
    ],
    "result": [
      {
        "item": "minecraft:sponge",

        "count": 1
      }
    ]
  }
}
