{
  "format_version": "1.17.41",
  "minecraft:recipe_shaped": {
    "description": {
      "identifier": "thump989:trial_key"
    },
    "tags": ["mystic_workbench"],
    "pattern": ["S", "C", "C"],
    "key": {
      "S": "minecraft:skeleton_skull",
      "C": "minecraft:copper_ingot"
    },
    "unlock": [
      {
        "item": "thump989:mystic_workbench"
      },
      { "item": "thump989:cube_of_knowledge" }
    ],
    "result": [
      {
        "item": "minecraft:trial_key",

        "count": 1
      }
    ]
  }
}
