{
  "format_version": "1.17.41",
  "minecraft:recipe_shaped": {
    "description": {
      "identifier": "thump989:wither_skeleton_skull"
    },
    "tags": ["mystic_workbench"],
    "pattern": ["BBB", "B B", "BBB"],
    "key": {
      "B": "thump989:black_bone"
    },
    "unlock": [
      {
        "item": "thump989:mystic_workbench"
      },
      { "item": "thump989:cube_of_knowledge" }
    ],
    "result": [
      {
        "item": "minecraft:wither_skeleton_skull",

        "count": 1
      }
    ]
  }
}
