{
	"format_version": "1.20.50",
	"minecraft:item": {
		"description": {
			"identifier": "thump989:testblade",
			"menu_category": {
				"category": "equipment",
				"group": "itemGroup.name.sword"
			}
		},
		"components": {
			"minecraft:max_stack_size": 1,
			"minecraft:icon": {
				"texture": "testblade"
			},
			"minecraft:damage": 255,
			"minecraft:can_destroy_in_creative": false,
			"minecraft:hand_equipped": true,
			"minecraft:enchantable": {
				"slot": "all",
				"value": 14
			}
		}
	}
}