{
  "format_version": "1.17.41",
  "minecraft:recipe_shaped": {
    "description": {
      "identifier": "thump989:fire_staff"
    },
    "tags": ["mystic_workbench"],
    "pattern": ["BGB", " R ", " R "],
    "key": {
      "B": "minecraft:experience_bottle",
      "R": "minecraft:blaze_rod",
      "G": "thump989:fire_gem"
    },
    "unlock": [
      {
        "item": "thump989:mystic_workbench"
      },
      { "item": "thump989:cube_of_knowledge" }
    ],
    "result": [
      {
        "item": "thump989:fire_staff",
        "count": 1
      }
    ]
  }
}
