{
  "format_version": "1.21.90",
  "minecraft:item": {
    "description": {
      "identifier": "thump989:blazing_asteroid_staff",
      "menu_category": {
        "category": "equipment"
      }
    },
    "components": {
      "minecraft:max_stack_size": 1,
      "minecraft:icon": "blazing_asteroid_staff",
      "thump989:charge_projectile_generic": {
        "projectile_entity": "thump989:staff_meteor",
        "projectile_count": 1,
        "projectile_speed": 2,
        "uncertainty": 0,
        "shoot_sound": "mob.blaze.shoot",
        "sound_volume": 0.5,
        "sound_pitch": 1
      },
      "minecraft:use_modifiers": {
        "movement_modifier": 0.25,
        "use_duration": 2.25
      },
      "minecraft:cooldown": {
        "category": "asteroid_staff",
        "duration": 0.2
      },
      "minecraft:hand_equipped": true,
      "minecraft:use_animation": {
        "value": "brush"
      }
    }
  }
}
