{
  "format_version": "1.21.90",
  "minecraft:item": {
    "description": {
      "identifier": "thump989:sceptre_of_the_watcher",
      "menu_category": {
        "category": "equipment"
      }
    },
    "components": {
      "minecraft:max_stack_size": 1,
      "minecraft:icon": "sceptre_of_the_watcher",
      "minecraft:damage": 5,
      "minecraft:can_destroy_in_creative": false,
      "minecraft:hand_equipped": true,
      "thump989:sentry_spawn": {},
      "thump989:sceptre": {},
      "minecraft:cooldown": {
        "category": "watcher_staff",
        "duration": 20
      }
    }
  }
}
