{
  "format_version": "1.16.100",
  "minecraft:entity": {
    "description": {
      "identifier": "thump989:mace_spike",
      "is_spawnable": false,
      "is_summonable": true,
      "is_experimental": false
    },
    "components": {
      "minecraft:collision_box": {
        "height": 0,
        "width": 0
      },
      "minecraft:damage_sensor": {
        "triggers": [
          {
            "cause": "all",
            "deals_damage": false
          }
        ]
      },
      "minecraft:cannot_be_attacked": {},
      "minecraft:variant": {
        "value": 2
      },
      "minecraft:transient": {},
      "minecraft:timer": {
        "time": 0.1,
        "looping": true,
        "time_down_event": {
          "event": "thump989:attack",
          "target": "self"
        }
      },
      "minecraft:tameable": {
        "probability": 1
      },
      "minecraft:push_through": {
        "value": 100
      },
      "minecraft:physics": {
        "has_gravity": false,
        "push_towards_closest_space": false,
        "has_collision": false
      },
      "minecraft:pushable": {
        "is_pushable": false,
        "is_pushable_by_piston": false
      }
    },
    "component_groups": {
      "self:despawn_timer": {
        "minecraft:timer": {
          "time": 1,
          "looping": true,
          "time_down_event": {
            "event": "thump989:instant_despawn",
            "target": "self"
          }
        }
      },
      "self:strong_attack": {
        "minecraft:timer": {
          "time": 1.5,
          "looping": true,
          "time_down_event": {
            "event": "thump989:strong_attack",
            "target": "self"
          }
        }
      },
      "self:variant2": {
        "minecraft:variant": {
          "value": 1
        }
      },
      "self:instant_despawn": {
        "minecraft:instant_despawn": {
          "remove_child_entities": false
        }
      }
    },
    "events": {
      "thump989:minister_spawn": {
        "add": {
          "component_groups": ["self:strong_attack", "self:variant2"]
        }
      },
      "thump989:instant_despawn": {
        "add": {
          "component_groups": ["self:instant_despawn"]
        }
      },
      "thump989:strong_attack": {
        "add": {
          "component_groups": ["self:despawn_timer"]
        },
        "queue_command": {
          "command": ["damage @e[family=mob,r=1] 14 entity_attack"]
        }
      },
      "thump989:attack": {
        "add": {
          "component_groups": ["self:despawn_timer"]
        },
        "queue_command": {
          "command": [
            "damage @e[family=mob,family=!blemish,r=1] 12 entity_attack entity @s",
            "playsound break.suspicious_gravel @a ~ ~ ~"
          ]
        }
      }
    }
  }
}
