{
  "format_version": "1.16.0",
  "minecraft:entity": {
    "description": {
      "identifier": "thump989:spiderling",
      "is_spawnable": true,
      "is_summonable": true,
      "is_experimental": false,
      "runtime_identifier": "minecraft:spider"
    },
    "components": {
      "minecraft:behavior.nearest_attackable_target": {
        "priority": 2,
        "must_see": true,
        "scan_interval": 10,
        "entity_types": [
          {
            "filters": {
              "any_of": [
                {
                  "test": "is_family",
                  "subject": "other",
                  "value": "player"
                },
                {
                  "test": "is_family",
                  "subject": "other",
                  "value": "snowgolem"
                },
                {
                  "test": "is_family",
                  "subject": "other",
                  "value": "irongolem"
                }
              ]
            },
            "max_dist": 16
          }
        ]
      },
      "minecraft:behavior.leap_at_target": {
        "priority": 4,
        "yd": 0.4,
        "must_be_on_ground": false
      },
      "minecraft:behavior.melee_attack": {
        "priority": 3,
        "track_target": true,
        "reach_multiplier": 0.8
      },
      "minecraft:experience_reward": {
        "on_death": "q.last_hit_by_player ? 5 : 0"
      },
      "minecraft:nameable": {},
      "minecraft:type_family": {
        "family": ["spider", "monster", "mob", "arthropod", "spiderling"]
      },
      "minecraft:breathable": {
        "total_supply": 15,
        "suffocate_time": 0
      },
      "minecraft:scale": {
        "value": 0.25
      },
      "minecraft:loot": {
        "table": "loot_tables/entity/spiderling.json"
      },
      "minecraft:collision_box": {
        "width": 1.4,
        "height": 0.9
      },
      "minecraft:health": {
        "value": 10,
        "max": 10
      },
      "minecraft:hurt_on_condition": {
        "damage_conditions": [
          {
            "filters": {
              "test": "in_lava",
              "subject": "self",
              "operator": "==",
              "value": true
            },
            "cause": "lava",
            "damage_per_tick": 4
          }
        ]
      },
      "minecraft:movement": {
        "value": 0.3
      },
      "minecraft:navigation.climb": {
        "can_path_over_water": false,
        "avoid_water": true
      },
      "minecraft:movement.basic": {},
      "minecraft:jump.static": {},
      "minecraft:can_climb": {},
      "minecraft:attack": {
        "damage": 3
      },
      "minecraft:despawn": {
        "despawn_from_distance": {}
      },
      "minecraft:behavior.random_stroll": {
        "priority": 6,
        "speed_multiplier": 0.8
      },
      "minecraft:behavior.look_at_player": {
        "priority": 7,
        "look_distance": 6,
        "probability": 0.02
      },
      "minecraft:behavior.random_look_around": {
        "priority": 7
      },
      "minecraft:behavior.hurt_by_target": {
        "priority": 1
      },
      "minecraft:physics": {},
      "minecraft:pushable": {
        "is_pushable": true,
        "is_pushable_by_piston": true
      },
      "minecraft:conditional_bandwidth_optimization": {}
    }
  }
}
