{
  "format_version": "1.21.70",
  "minecraft:entity": {
    "description": {
      "identifier": "thump989:castle_vault_dummy",
      "is_spawnable": false,
      "is_summonable": true,
      "is_experimental": false
    },
    "components": {
      "minecraft:collision_box": {
        "height": 0,
        "width": 0
      },
      "minecraft:damage_sensor": {
        "triggers": [
          {
            "cause": "all",
            "deals_damage": "no"
          }
        ]
      },
      "minecraft:physics": {
        "has_gravity": true,
        "has_collision": true
      },
      "minecraft:pushable": {
        "is_pushable": false
      },
      "minecraft:push_through": {
        "value": 1
      }
    },
    "component_groups": {
      "self:item1": {
        "minecraft:spawn_entity": {
          "entities": [
            {
              "max_wait_time": 1,
              "min_wait_time": 1,
              "spawn_item": "minecraft:diamond",
              "num_to_spawn": 6,
              "spawn_sound": "vault.eject_item",
              "spawn_item_event": {
                "event": "thump989:item2",
                "target": "self"
              }
            }
          ]
        }
      },
      "self:item2": {
        "minecraft:spawn_entity": {
          "entities": [
            {
              "max_wait_time": 1,
              "min_wait_time": 1,
              "spawn_item": "minecraft:emerald",
              "num_to_spawn": 9,
              "spawn_sound": "vault.eject_item",
              "spawn_item_event": {
                "event": "thump989:item3",
                "target": "self"
              }
            }
          ]
        }
      },
      "self:item3": {
        "minecraft:spawn_entity": {
          "entities": [
            {
              "max_wait_time": 1,
              "min_wait_time": 1,
              "spawn_item": "minecraft:ender_pearl",
              "num_to_spawn": 4,
              "spawn_sound": "vault.eject_item",
              "spawn_item_event": {
                "event": "thump989:item4",
                "target": "self"
              }
            }
          ]
        }
      },
      "self:item4": {
        "minecraft:spawn_entity": {
          "entities": [
            {
              "max_wait_time": 1,
              "min_wait_time": 1,
              "spawn_item": "thump989:pure_magic",
              "num_to_spawn": 16,
              "spawn_sound": "vault.eject_item",
              "spawn_item_event": {
                "event": "thump989:item5",
                "target": "self"
              }
            }
          ]
        }
      },
      "self:item5": {
        "minecraft:spawn_entity": {
          "entities": [
            {
              "max_wait_time": 1,
              "min_wait_time": 1,
              "spawn_item": "thump989:recipe_book_shadowchime",
              "num_to_spawn": 1,
              "spawn_sound": "vault.eject_item",
              "spawn_item_event": {
                "event": "thump989:instant_despawn",
                "target": "self"
              }
            }
          ]
        }
      },
      "self:instant_despawn": {
        "minecraft:instant_despawn": {
          "remove_child_entities": false
        }
      }
    },
    "events": {
      "thump989:item2": {
        "remove": {
          "component_groups": ["self:item1"]
        },
        "add": {
          "component_groups": ["self:item2"]
        }
      },
      "thump989:item3": {
        "remove": {
          "component_groups": ["self:item2"]
        },
        "add": {
          "component_groups": ["self:item3"]
        }
      },
      "thump989:item4": {
        "remove": {
          "component_groups": ["self:item3"]
        },
        "add": {
          "component_groups": ["self:item4"]
        }
      },
      "thump989:item5": {
        "remove": {
          "component_groups": ["self:item4"]
        },
        "add": {
          "component_groups": ["self:item5"]
        }
      },
      "thump989:instant_despawn": {
        "add": {
          "component_groups": ["self:instant_despawn"]
        }
      },
      "minecraft:entity_spawned": {
        "add": {
          "component_groups": ["self:item1"]
        }
      }
    }
  }
}
