{
  "format_version": "1.16.100",
  "minecraft:entity": {
    "description": {
      "identifier": "thump989:earth_staff_dummy",
      "is_spawnable": false,
      "is_summonable": true,
      "is_experimental": false
    },
    "components": {
      "minecraft:physics": {
        "has_gravity": false,
        "has_collision": false
      },
      "minecraft:cannot_be_attacked": {},
      "minecraft:dimension_bound": {},
      "minecraft:transient": {},
      "minecraft:collision_box": {
        "height": 0,
        "width": 0
      },
      "minecraft:damage_sensor": {
        "triggers": [
          {
            "cause": "all",
            "deals_damage": false
          }
        ]
      },
      "minecraft:type_family": {
        "family": ["dummy"]
      },
      "minecraft:behavior.knockback_roar": {
        "attack_time": 0.25,
        "cooldown_time": 0,
        "duration": 0.5,
        "knockback_damage": 8,
        "knockback_horizontal_strength": 0,
        "knockback_range": 6,
        "damage_filters": [
          {
            "all_of": [
              {
                "test": "is_family",
                "subject": "other",
                "value": "mob"
              },
              {
                "none_of": [
                  {
                    "test": "is_family",
                    "subject": "other",
                    "value": "player"
                  },
                  { "test": "is_family", "subject": "other", "value": "wolf" },
                  {
                    "test": "is_family",
                    "subject": "other",
                    "value": "irongolem"
                  }
                ]
              }
            ]
          }
        ],
        "knockback_filters": [
          {
            "all_of": [
              {
                "test": "is_family",
                "subject": "other",
                "value": "mob"
              },
              {
                "none_of": [
                  {
                    "test": "is_family",
                    "subject": "other",
                    "value": "player"
                  },
                  { "test": "is_family", "subject": "other", "value": "wolf" },
                  {
                    "test": "is_family",
                    "subject": "other",
                    "value": "irongolem"
                  }
                ]
              }
            ]
          }
        ],
        "knockback_vertical_strength": 4,
        "track_target": false,
        "knockback_strength": 4
      },
      "minecraft:timer": {
        "time": 1.5,
        "looping": true,
        "time_down_event": {
          "event": "thump989:instant_despawn",
          "target": "self"
        }
      },
      "minecraft:tameable": {
        "probability": 1
      },
      "minecraft:pushable": {
        "is_pushable": false
      }
    },
    "component_groups": {
      "self:instant_despawn": {
        "minecraft:instant_despawn": {
          "remove_child_entities": false
        }
      }
    },
    "events": {
      "thump989:instant_despawn": {
        "add": {
          "component_groups": ["self:instant_despawn"]
        }
      }
    }
  }
}
