{
  "format_version": "1.21.50",
  "minecraft:entity": {
    "description": {
      "identifier": "thump989:friendly_coral",
      "is_spawnable": false,
      "is_summonable": true,
      "is_experimental": false,
      "animations": {
        "despawn": "animation.coral.despawn"
      },
      "scripts": {
        "animate": ["despawn"]
      }
    },
    "components": {
      "minecraft:physics": {
        "has_gravity": true,
        "has_collision": true
      },
      "minecraft:knockback_resistance": {
        "value": 1,
        "max": 1
      },
      "minecraft:timer": {
        "time": 8,
        "looping": true,
        "time_down_event": {
          "event": "thump989:ability",
          "target": "self"
        }
      },
      "minecraft:type_family": {
        "family": ["mob", "player"]
      },
      "minecraft:movement": {
        "value": 0
      },
      "minecraft:navigation.walk": {},
      "minecraft:movement.generic": {
        "max_turn": 30
      },
      "minecraft:jump.static": {},
      "minecraft:behavior.nearest_attackable_target": {
        "scan_interval": 10,
        "priority": 2,
        "within_radius": 32,
        "entity_types": {
          "max_dist": 32,
          "filters": [
            {
              "any_of": [
                {
                  "test": "is_family",
                  "subject": "other",
                  "value": "monster"
                }
              ]
            }
          ]
        }
      },
      "minecraft:behavior.melee_attack": {
        "reach_multiplier": 4,
        "can_spread_on_fire": true,
        "speed_multiplier": 0,
        "cooldown_time": 4
      },
      "minecraft:collision_box": {
        "height": 0.6,
        "width": 0.6
      },
      "minecraft:health": {
        "value": 20,
        "max": 20
      },
      "minecraft:attack": {
        "damage": 9,
        "effect_name": "slowness",
        "effect_duration": 10
      },
      "minecraft:pushable": {
        "is_pushable": false
      },
      "minecraft:push_through": {
        "value": 1
      },
      "minecraft:tameable": {
        "probability": 1
      },
      "minecraft:transient": {}
    },
    "component_groups": {
      "self:instant_despawn": {
        "minecraft:instant_despawn": {
          "remove_child_entities": false
        }
      }
    },
    "events": {
      "thump989:ability": {
        "queue_command": {
          "command": ["scriptevent thump989:friendly_coral friend_heal"]
        }
      },
      "thump989:instant_despawn": {
        "add": {
          "component_groups": ["self:instant_despawn"]
        }
      }
    }
  }
}
