{
  "format_version": "1.16.100",
  "minecraft:entity": {
    "description": {
      "identifier": "thump989:minister_spawner",
      "is_spawnable": false,
      "is_summonable": true,
      "is_experimental": false
    },
    "components": {
      "minecraft:physics": {
        "has_gravity": true,
        "has_collision": true
      },
      "minecraft:damage_sensor": {
        "triggers": [
          {
            "cause": "all",
            "deals_damage": false
          }
        ]
      },
      "minecraft:collision_box": {
        "height": 0,
        "width": 0
      },
      "minecraft:transient": {},
      "minecraft:pushable": {
        "is_pushable": false
      },
      "minecraft:push_through": {
        "value": 1
      }
    },
    "component_groups": {
      "self:fire_minister_spawn": {
        "minecraft:variant": {
          "value": 1
        },
        "minecraft:timer": {
          "time": 3,
          "looping": false,
          "time_down_event": {
            "event": "thump989:spawn_fire_minister",
            "target": "self"
          }
        }
      },
      "self:air_minister_spawn": {
        "minecraft:variant": {
          "value": 2
        },
        "minecraft:timer": {
          "time": 3,
          "looping": false,
          "time_down_event": {
            "event": "thump989:spawn_air_minister",
            "target": "self"
          }
        }
      },
      "self:earth_minister_spawn": {
        "minecraft:variant": {
          "value": 3
        },
        "minecraft:timer": {
          "time": 3,
          "looping": false,
          "time_down_event": {
            "event": "thump989:spawn_earth_minister",
            "target": "self"
          }
        }
      },
      "self:water_minister_spawn": {
        "minecraft:variant": {
          "value": 4
        },
        "minecraft:timer": {
          "time": 3,
          "looping": false,
          "time_down_event": {
            "event": "thump989:spawn_water_minister",
            "target": "self"
          }
        }
      },
      "self:instant_despawn": {
        "minecraft:instant_despawn": {
          "remove_child_entities": false
        }
      }
    },
    "events": {
      "thump989:water_minister": {
        "add": {
          "component_groups": ["self:water_minister_spawn"]
        }
      },
      "thump989:earth_minister": {
        "add": {
          "component_groups": ["self:earth_minister_spawn"]
        }
      },
      "thump989:fire_minister": {
        "add": {
          "component_groups": ["self:fire_minister_spawn"]
        }
      },
      "thump989:air_minister": {
        "add": {
          "component_groups": ["self:air_minister_spawn"]
        }
      },
      "thump989:spawn_fire_minister": {
        "sequence": [
          {
            "queue_command": {
              "command": ["summon thump989:fire_minisiter ~ ~ ~"]
            }
          },
          {
            "trigger": {
              "target": "self",
              "event": "thump989:instant_despawn"
            }
          }
        ]
      },
      "thump989:spawn_air_minister": {
        "sequence": [
          {
            "queue_command": {
              "command": ["summon thump989:air_minister ~ ~ ~"]
            }
          },
          {
            "trigger": {
              "target": "self",
              "event": "thump989:instant_despawn"
            }
          }
        ]
      },
      "thump989:spawn_earth_minister": {
        "sequence": [
          {
            "queue_command": {
              "command": ["summon thump989:earth_minister ~ ~ ~"]
            }
          },
          {
            "trigger": {
              "target": "self",
              "event": "thump989:instant_despawn"
            }
          }
        ]
      },
      "thump989:spawn_water_minister": {
        "sequence": [
          {
            "queue_command": {
              "command": ["summon thump989:water_minister ~ ~ ~"]
            }
          },
          {
            "trigger": {
              "target": "self",
              "event": "thump989:instant_despawn"
            }
          }
        ]
      },
      "thump989:instant_despawn": {
        "add": {
          "component_groups": ["self:instant_despawn"]
        }
      }
    }
  }
}
