{
  "format_version": "1.16.100",
  "minecraft:entity": {
    "description": {
      "identifier": "thump989:phantore_crate",
      "is_spawnable": false,
      "is_summonable": true,
      "is_experimental": false
    },
    "components": {
      "minecraft:persistent": {},
      "minecraft:fire_immune": {},
      "minecraft:experience_reward": {
        "on_death": 6000
      },
      "minecraft:health": {
        "value": 30,
        "max": 30
      },
      "minecraft:knockback_resistance": {
        "value": 1,
        "max": 1
      },
      "minecraft:loot": {
        "table": "loot_tables/entity/phantore.json"
      },
      "minecraft:physics": {
        "has_gravity": true,
        "has_collision": true
      },
      "minecraft:pushable": {
        "is_pushable": false
      },
      "minecraft:push_through": {
        "value": 1
      }
    }
  }
}
