{
  "format_version": "1.16.100",
  "minecraft:entity": {
    "description": {
      "identifier": "thump989:spectral_enhancer",
      "is_spawnable": false,
      "is_summonable": true,
      "is_experimental": false
    },
    "components": {
      "minecraft:collision_box": {
        "height": 0.75,
        "width": 0.99
      },
      "minecraft:physics": {
        "has_gravity": true,
        "has_collision": true
      },
      "minecraft:type_family": {
        "family": ["inanimate"]
      },
      "minecraft:knockback_resistance": {
        "value": 1,
        "max": 1
      },
      "minecraft:health": {
        "value": 1,
        "max": 1
      },
      "minecraft:mob_effect_immunity": {
        "mob_effects": [
          "absorption",
          "bad_omen",
          "blindness",
          "conduit_power",
          "darkness",
          "fatal_poison",
          "fire_resistance",
          "haste",
          "health_boost",
          "hunger",
          "infested",
          "instant_damage",
          "instant_health",
          "jump_boost",
          "levitation",
          "mining_fatigue",
          "nausea",
          "night_vision",
          "oozing",
          "poison",
          "raid_omen",
          "regeneration",
          "resistance",
          "saturation",
          "slow_falling",
          "slowness",
          "speed",
          "strength",
          "trial_omen",
          "village_hero",
          "water_breathing",
          "weakness",
          "weaving",
          "wind_charged",
          "wither"
        ]
      },
      "minecraft:spell_effects": {
        "add_effects": [
          {
            "effect": "invisibility",
            "duration": "infinite",
            "visible": false
          }
        ]
      },
      "minecraft:behavior.look_at_player": {
        "angle_of_view_vertical": 360,
        "angle_of_view_horizontal": 360,
        "priority": 0,
        "look_distance": 8,
        "probability": 1,
        "look_time": [],
        "target_distance": 6
      },
      "minecraft:renders_when_invisible": {},
      "minecraft:body_rotation_axis_aligned": {},
      "minecraft:body_rotation_blocked": {},
      "minecraft:pushable": {
        "is_pushable": false
      },
      "minecraft:is_collidable": {},
      "minecraft:push_through": {
        "value": 1
      }
    },
    "component_groups": {
      "self:armour": {
        "minecraft:variant": {
          "value": 0
        },
        "minecraft:trade_table": {
          "convert_trades_economy": false,
          "display_name": "Spectral Conversion",
          "new_screen": true,
          "persist_trades": false,
          "table": "loot_tables/trade_tables/enchanter_tradetable.json"
        }
      },
      "self:weapon": {
        "minecraft:variant": {
          "value": 1
        },
        "minecraft:trade_table": {
          "convert_trades_economy": false,
          "display_name": "Spectral Conversion",
          "new_screen": true,
          "persist_trades": false,
          "table": "loot_tables/trade_tables/enchanter_tradetable_weapon.json"
        }
      },
      "self:tool": {
        "minecraft:variant": {
          "value": 2
        },
        "minecraft:trade_table": {
          "convert_trades_economy": false,
          "display_name": "Spectral Conversion",
          "new_screen": true,
          "persist_trades": false,
          "table": "loot_tables/trade_tables/enchanter_tradetable_tool.json"
        }
      }
    },
    "events": {
      "minecraft:entity_spawned": {
        "add": {
          "component_groups": ["self:armour"]
        }
      },
      "thump989:armour_trade": {
        "add": {
          "component_groups": ["self:armour"]
        }
      },
      "thump989:weapon_trade": {
        "add": {
          "component_groups": ["self:weapon"]
        }
      },
      "thump989:tool_trade": {
        "add": {
          "component_groups": ["self:tool"]
        }
      }
    }
  }
}
