{
  "format_version": "1.13.0",
  "minecraft:feature_rules": {
    "description": {
      "identifier": "thump989:death_island",
      "places_feature": "thump989:death_island"
    },
    "conditions": {
      "placement_pass": "first_pass",
      "minecraft:biome_filter": {
        "test": "has_biome_tag",
        "operator": "==",
        "value": "overworld"
      }
    },
    "distribution": {
      "iterations": 1,
      "x": {
        "extent": [0, 16],
        "distribution": "uniform"
      },
      "y": {
        "extent": [100, 200],
        "distribution": "uniform"
      },
      "z": {
        "extent": [0, 16],
        "distribution": "uniform"
      },
      "scatter_chance": 0.025
    }
  }
}
