{
  "format_version": "1.13.0",
  "minecraft:feature_rules": {
    "description": {
      "identifier": "thump989:pale_tower_feature",
      "places_feature": "thump989:pale_tower"
    },
    "conditions": {
      "placement_pass": "first_pass",
      "minecraft:biome_filter": {
        "test": "has_biome_tag",
        "operator": "==",
        "value": "pale_garden"
      }
    },
    "distribution": {
      "iterations": 1,
      "x": {
        "extent": [0, 16],
        "distribution": "uniform"
      },
      "y": "q.heightmap(v.worldx, v.worldz)",
      "z": {
        "extent": [0, 16],
        "distribution": "uniform"
      },
      "scatter_chance": 0.5
    }
  }
}
