{
  "format_version": "1.16.100",
  "minecraft:entity": {
    "description": {
      "identifier": "thump989:moth_icicle_projectile",
      "is_spawnable": false,
      "is_summonable": true,
      "is_experimental": false,
      "runtime_identifier": "minecraft:snowball"
    },
    "components": {
      "minecraft:physics": {
        "has_gravity": true,
        "has_collision": true
      },
      "minecraft:scale": {
        "value": 1.3
      },
      "minecraft:pushable": {
        "is_pushable": false
      },
      "minecraft:transient": {},
      "minecraft:push_through": {
        "value": 1
      },
      "minecraft:projectile": {
        "anchor": 2,
        "gravity": 0.05,
        "power": 2,
        "offset": [0, 0, 0],
        "hit_ground_sound": "glass",
        "should_bounce": true,
        "uncertainty_base": 0,
        "on_hit": {
          "stick_in_ground": {},
          "freeze_on_hit": {
            "shape": "sphere",
            "size": 2,
            "snap_to_block": true
          },
          "hurt_owner": {
            "owner_damage": 0,
            "ignite": false,
            "knockback": false
          },
          "mob_effect": {
            "amplifier": 2,
            "duration": 200,
            "durationeasy": 200,
            "durationhard": 200,
            "durationnormal": 200,
            "effect": "slowness"
          },
          "impact_damage": {
            "damage": 14,
            "destroy_on_hit_requires_damage": true
          }
        }
      }
    }
  }
}
