{
  "format_version": "1.21.70",
  "minecraft:entity": {
    "description": {
      "identifier": "thump989:moth_ice_block",
      "is_spawnable": false,
      "is_summonable": true,
      "is_experimental": false
    },
    "components": {
      "minecraft:physics": {
        "has_gravity": true,
        "has_collision": true
      },
      "minecraft:knockback_resistance": {
        "value": 1,
        "max": 1
      },
      "minecraft:area_attack": {
        "damage_per_tick": 0,
        "damage_range": 0.01,
        "cause": "freezing",
        "entity_filter": [
          {
            "all_of": [
              {
                "test": "actor_health",
                "value": 1,
                "operator": ">="
              },
              {
                "any_of": [
                  {
                    "test": "is_family",
                    "subject": "other",
                    "value": "player"
                  },
                  {
                    "test": "is_family",
                    "subject": "other",
                    "value": "irongolem"
                  },
                  {
                    "test": "is_family",
                    "subject": "other",
                    "value": "wolf"
                  }
                ]
              }
            ]
          }
        ]
      },
      "minecraft:despawn": {
        "despawn_from_distance": {
          "max_distance": 128,
          "min_distance": 64
        }
      },
      "minecraft:renders_when_invisible": {},
      "minecraft:spell_effects": {
        "add_effects": [
          {
            "duration": "infinite",
            "effect": "invisibility",
            "visible": false
          }
        ]
      },
      "minecraft:mob_effect_immunity": {
        "mob_effects": [
          "absorption",
          "bad_omen",
          "blindness",
          "conduit_power",
          "darkness",
          "fatal_poison",
          "fire_resistance",
          "haste",
          "health_boost",
          "hunger",
          "infested",
          "instant_damage",
          "instant_health",
          "jump_boost",
          "levitation",
          "mining_fatigue",
          "nausea",
          "night_vision",
          "oozing",
          "poison",
          "raid_omen",
          "resistance",
          "saturation",
          "slow_falling",
          "slowness",
          "speed",
          "strength",
          "trial_omen",
          "village_hero",
          "water_breathing",
          "weakness",
          "weaving",
          "wind_charged",
          "wither"
        ]
      },
      "minecraft:cannot_be_attacked": {},
      "minecraft:health": {
        "value": 35,
        "max": 35
      },
      "minecraft:type_family": {
        "family": ["mob", "monster", "moth_spawn"]
      },
      "minecraft:collision_box": {
        "height": 1,
        "width": 1
      },
      "minecraft:on_death": {
        "target": "self",
        "event": "thump989:death"
      },
      "minecraft:variant": {
        "value": 0
      },
      "minecraft:damage_sensor": {
        "triggers": [
          {
            "on_damage": {
              "filters": {
                "any_of": [
                  {
                    "test": "has_damage",
                    "subject": "self",
                    "value": "fire"
                  },
                  {
                    "test": "has_damage",
                    "subject": "self",
                    "value": "fire_tick"
                  },
                  {
                    "test": "has_damage",
                    "subject": "self",
                    "value": "lava"
                  }
                ]
              }
            },
            "damage_multiplier": 4
          }
        ]
      },
      "minecraft:body_rotation_axis_aligned": {},
      "minecraft:body_rotation_blocked": {},
      "minecraft:pushable": {
        "is_pushable": false
      },
      "minecraft:push_through": {
        "value": 1
      }
    },
    "component_groups": {
      "self:collision": {
        "minecraft:is_collidable": {}
      },
      "self:primed": {
        "minecraft:variant": {
          "value": 1
        },
        "minecraft:timer": {
          "time": [3, 10],
          "randomInterval": true,
          "looping": true,
          "time_down_event": {
            "event": "thump989:explode",
            "target": "self"
          }
        }
      },
      "self:instant_despawn": {
        "minecraft:instant_despawn": {
          "remove_child_entities": false
        }
      }
    },
    "events": {
      "thump989:death": {
        "remove": {
          "component_groups": ["self:collision"]
        }
      },
      "minecraft:entity_spawned": {
        "add": {
          "component_groups": ["self:collision"]
        }
      },
      "thump989:instant_despawn": {
        "add": {
          "component_groups": ["self:instant_despawn"]
        }
      },
      "thump989:explode": {
        "queue_command": {
          "command": [
            "particle thump989:icecube_explode ~ ~0.5 ~",
            "playsound mob.icecube.die @a ~ ~ ~",
            "damage @e[family=player,r=2.5] 12 freezing entity @s",
            "damage @e[family=irongolem,r=2.5] 12 freezing entity @s",
            "damage @e[family=wolf,r=2.5] 12 freezing entity @s",
            "event entity @s thump989:instant_despawn"
          ]
        }
      },
      "thump989:ice_explode": {
        "add": {
          "component_groups": ["self:primed"]
        }
      }
    }
  }
}
