{
  "format_version": "1.21.90",
  "minecraft:item": {
    "description": {
      "identifier": "thump989:frostwinds_staff",
      "menu_category": {
        "category": "equipment"
      }
    },
    "components": {
      "minecraft:hand_equipped": true,
      "thump989:frostwinds_staff": {},
      "minecraft:rarity": "epic",
      "minecraft:use_modifiers": {
        "movement_modifier": 1,
        "use_duration": 0.0
      },
      "minecraft:cooldown": {
        "category": "frostwinds",
        "duration": 1
      },
      "minecraft:max_stack_size": 1,
      "minecraft:icon": "frostwinds_staff"
    }
  }
}
