{
  "format_version": "1.21.90",
  "minecraft:item": {
    "description": {
      "identifier": "thump989:frosthelm",
      "menu_category": {
        "category": "equipment",
        "group": "minecraft:itemGroup.name.helmet"
      }
    },
    "components": {
      "minecraft:max_stack_size": 1,
      "minecraft:tags": {
        "tags": ["rimehood"]
      },
      "minecraft:rarity": "epic",
      "minecraft:icon": "frosthelm",
      "minecraft:wearable": {
        "slot": "slot.armor.head",
        "protection": 3
      },
      "minecraft:enchantable": {
        "slot": "armor_head",
        "value": 25
      }
    }
  }
}
