{
  "format_version": "1.21.90",
  "minecraft:item": {
    "description": {
      "identifier": "thump989:glowworm_queen",
      "menu_category": {
        "category": "equipment"
      }
    },
    "components": {
      "minecraft:rarity": "epic",
      "minecraft:max_stack_size": 1,
      "minecraft:durability": {
        "damage_chance": {
          "min": 0,
          "max": 100
        },
        "max_durability": 550
      },
      "minecraft:block_placer": {
        "block": "thump989:glowworm_larva"
      },
      "thump989:glowworm_queen": {},
      "thump989:deny_melee_damage": {},
      "minecraft:icon": "glowworm_queen"
    }
  }
}
