{
  "format_version": "1.21.50",
  "minecraft:item": {
    "description": {
      "identifier": "thump989:honeycomb_ring",
      "menu_category": {
        "category": "equipment"
      }
    },
    "components": {
      "minecraft:max_stack_size": 1,
      "minecraft:icon": "honeycomb_ring",
      "minecraft:tags": {
        "tags": ["honey_ring"]
      },
      "minecraft:rarity": "epic",
      "minecraft:wearable": {
        "slot": "slot.weapon.offhand",
        "protection": 0
      }
    }
  }
}
