{
  "format_version": "1.17.41",
  "minecraft:recipe_shaped": {
    "description": {
      "identifier": "thump989:baton"
    },
    "tags": ["crafting_table"],
    "pattern": ["LDL", "LPL", "LDL"],
    "key": {
      "L": "minecraft:lapis_block",
      "D": "minecraft:diamond",
      "P": "minecraft:sugar"
    },
    "unlock": [
      {
        "item": "minecraft:sugar"
      },
      {
        "item": "minecraft:diamond"
      }
    ],
    "result": [
      {
        "item": "thump989:runners_baton",

        "count": 1
      }
    ]
  }
}
