{
	"format_version": "1.17.41",
	"minecraft:recipe_shaped": {
		"description": {
			"identifier": "thump989:biofuel"
		},
		"tags": ["crafting_table"],
		"pattern": [
			"EEE",
			"SSS",
			"FFF"
		],
		"key": {
			"E": "minecraft:spider_eye",
            "S": "minecraft:rotten_flesh",
            "F": "minecraft:bone"
		},
		"unlock": [
			{
				"item": "minecraft:spider_eye"
			},
			{
				"item": "minecraft:rotten_flesh"
			},
			{
				"item": "minecraft:bone"
			}
		],
		"result": [
			{
				"item": "thump989:biofuel",
				
				"count": 1
			}
		]
	}
}