{
  "format_version": "1.17.41",
  "minecraft:recipe_shaped": {
    "description": {
      "identifier": "thump989:can_recipe"
    },
    "tags": ["crafting_table"],
    "pattern": [" D ", "DLD", " D "],
    "key": {
      "L": "minecraft:cobbled_deepslate",
      "D": "thump989:pure_magic"
    },
    "unlock": [
      {
        "item": "thump989:pure_magic"
      }
    ],
    "result": [
      {
        "item": "thump989:cube_of_knowledge",

        "count": 1
      }
    ]
  }
}
