{
  "format_version": "1.17.41",
  "minecraft:recipe_shaped": {
    "description": {
      "identifier": "thump989:honey_ring"
    },
    "tags": ["crafting_table"],
    "pattern": ["HBH", "DPD", "DDD"],
    "key": {
      "H": "minecraft:honeycomb",
      "B": "minecraft:honey_bottle",
      "D": "minecraft:diamond",
      "P": "thump989:pure_magic"
    },
    "unlock": [
      {
        "item": "minecraft:honeycomb"
      },
      {
        "item": "minecraft:honey_bottle"
      },
      {
        "item": "minecraft:diamond"
      },
      {
        "item": "thump989:pure_magic"
      }
    ],
    "result": [
      {
        "item": "thump989:honeycomb_ring",

        "count": 1
      }
    ]
  }
}
