{
  "format_version": "1.17.41",
  "minecraft:recipe_shapeless": {
    "description": {
      "identifier": "thump989:regen_melon"
    },
    "tags": ["crafting_table"],
    "ingredients": ["minecraft:glistering_melon_slice", "minecraft:ghast_tear"],
    "unlock": [
      {
        "item": "minecraft:glistering_melon_slice"
      },
      {
        "item": "minecraft:ghast_tear"
      }
    ],
    "result": {
      "item": "thump989:regenerator_melon",
      "count": 16
    }
  }
}
