{
  "format_version": "1.17.41",
  "minecraft:recipe_shaped": {
    "description": {
      "identifier": "thump989:turtle_recipe"
    },
    "tags": ["crafting_table"],
    "pattern": ["PSP", "FMF", "PMP"],
    "key": {
      "S": "minecraft:turtle_helmet",
      "F": "minecraft:feather",
      "P": "thump989:pure_magic",
      "M": "thump989:spectral_matter"
    },
    "unlock": [
      {
        "item": "thump989:spectral_matter"
      },
      {
        "item": "thump989:pure_magic"
      },
      {
        "item": "minecraft:turtle_helmet"
      }
    ],
    "result": [
      {
        "item": "thump989:spirit_of_the_turtle",

        "count": 1
      }
    ]
  }
}
