{
  "format_version": "1.17.41",
  "minecraft:recipe_shaped": {
    "description": {
      "identifier": "thump989:waffle"
    },
    "tags": ["crafting_table"],
    "pattern": ["SBS", "LLL", "PPP"],
    "key": {
      "S": "minecraft:sweet_berries",
      "L": "minecraft:bread",
      "B": "thump989:butter",
      "P": "thump989:pure_magic"
    },
    "unlock": [
      {
        "item": "thump989:butter"
      }
    ],
    "result": [
      {
        "item": "thump989:endless_waffle",

        "count": 1
      }
    ]
  }
}
