{
  "format_version": "1.21.90",
  "minecraft:item": {
    "description": {
      "identifier": "thump989:spectral_enhancer_tool",
      "menu_category": {
        "category": "equipment"
      }
    },
    "components": {
      "minecraft:max_stack_size": 1,
      "minecraft:icon": "spectral_enhancer_tool",
      "minecraft:rarity": "rare",
      "thump989:entity_placer_1": {
        "entity_id": "thump989:spectral_enhancer",
        "remove_item": false,
        "spawn_event": "thump989:tool_trade"
      },
      "minecraft:cooldown": {
        "category": "enhancer_spawn",
        "duration": 1
      }
    }
  }
}
