{
  "pools": [
    {
      "rolls": 1,
      "entries": [
        {
          "type": "item",
          "weight": 1,
          "functions": [
            {
              "function": "specific_enchants",
              "enchants": [
                {
                  "id": "fire_aspect",
                  "level": 2
                }
              ]
            }
          ],
          "name": "minecraft:diamond_sword"
        }
      ]
    },
    {
      "rolls": 1,
      "entries": [
        {
          "type": "item",
          "functions": [
            {
              "function": "set_armor_trim",
              "material": "redstone",
              "pattern": "silence"
            },
            {
              "function": "specific_enchants",
              "enchants": [
                {
                  "id": "protection",
                  "level": 4
                },
                {
                  "id": "fire_protection",
                  "level": 4
                },
                {
                  "id": "projectile_protection",
                  "level": 4
                }
              ]
            }
          ],
          "name": "minecraft:diamond_helmet"
        }
      ]
    },
    {
      "rolls": 1,
      "entries": [
        {
          "type": "item",
          "functions": [
            {
              "function": "set_armor_trim",
              "material": "redstone",
              "pattern": "silence"
            },
            {
              "function": "specific_enchants",
              "enchants": [
                {
                  "id": "protection",
                  "level": 4
                },
                {
                  "id": "fire_protection",
                  "level": 4
                },
                {
                  "id": "projectile_protection",
                  "level": 4
                }
              ]
            }
          ],
          "name": "minecraft:diamond_chestplate"
        }
      ]
    },
    {
      "rolls": 1,
      "entries": [
        {
          "type": "item",
          "functions": [
            {
              "function": "set_armor_trim",
              "material": "redstone",
              "pattern": "silence"
            },
            {
              "function": "specific_enchants",
              "enchants": [
                {
                  "id": "protection",
                  "level": 4
                },
                {
                  "id": "fire_protection",
                  "level": 4
                },
                {
                  "id": "projectile_protection",
                  "level": 4
                }
              ]
            }
          ],
          "name": "minecraft:diamond_leggings"
        }
      ]
    },
    {
      "rolls": 1,
      "entries": [
        {
          "type": "item",
          "functions": [
            {
              "function": "set_armor_trim",
              "material": "redstone",
              "pattern": "silence"
            },
            {
              "function": "specific_enchants",
              "enchants": [
                {
                  "id": "protection",
                  "level": 4
                },
                {
                  "id": "fire_protection",
                  "level": 4
                },
                {
                  "id": "projectile_protection",
                  "level": 4
                }
              ]
            }
          ],
          "name": "minecraft:diamond_boots"
        }
      ]
    }
  ]
}
