{
  "pools": [
    {
      "rolls": 1,
      "entries": [
        {
          "type": "item",
          "weight": 1,
          "functions": [
            {
              "function": "specific_enchants",
              "enchants": [
                {
                  "id": "flame",
                  "level": 1
                },
                {
                  "id": "power",
                  "level": 5
                },
                {
                  "id": "punch",
                  "level": 1
                }
              ]
            }
          ],
          "name": "minecraft:bow"
        }
      ]
    },
    {
      "rolls": 1,
      "entries": [
        {
          "type": "item",
          "functions": [
            {
              "function": "specific_enchants",
              "enchants": [
                {
                  "id": "projectile_protection",
                  "level": 4
                }
              ]
            },
            {
              "function": "set_armor_trim",
              "material": "gold",
              "pattern": "silence"
            }
          ],
          "name": "minecraft:diamond_helmet"
        }
      ]
    },
    {
      "rolls": 1,
      "entries": [
        {
          "type": "item",
          "functions": [
            {
              "function": "specific_enchants",
              "enchants": [
                {
                  "id": "projectile_protection",
                  "level": 4
                }
              ]
            },
            {
              "function": "set_armor_trim",
              "material": "gold",
              "pattern": "silence"
            }
          ],
          "name": "minecraft:diamond_chestplate"
        }
      ]
    },
    {
      "rolls": 1,
      "entries": [
        {
          "type": "item",
          "functions": [
            {
              "function": "specific_enchants",
              "enchants": [
                {
                  "id": "projectile_protection",
                  "level": 4
                }
              ]
            },
            {
              "function": "set_armor_trim",
              "material": "gold",
              "pattern": "silence"
            }
          ],
          "name": "minecraft:diamond_leggings"
        }
      ]
    },
    {
      "rolls": 1,
      "entries": [
        {
          "type": "item",
          "functions": [
            {
              "function": "specific_enchants",
              "enchants": [
                {
                  "id": "projectile_protection",
                  "level": 4
                }
              ]
            },
            {
              "function": "set_armor_trim",
              "material": "gold",
              "pattern": "silence"
            }
          ],
          "name": "minecraft:diamond_boots"
        }
      ]
    }
  ]
}
