{
  "format_version": "1.17.41",
  "minecraft:recipe_shaped": {
    "description": {
      "identifier": "thump989:faux_moth_wings"
    },
    "tags": ["mystic_workbench"],
    "pattern": ["CCC", "PCP", "PCP"],
    "key": {
      "C": "thump989:caldpteron_scale",
      "P": "minecraft:phantom_membrane"
    },
    "unlock": [
      {
        "item": "thump989:caldpteron_scale"
      }
    ],
    "result": [
      {
        "item": "thump989:faux_moth_wings"
      }
    ]
  }
}
