{
  "format_version": "1.17.41",
  "minecraft:recipe_shaped": {
    "description": {
      "identifier": "thump989:frostwinds_staff"
    },
    "tags": ["mystic_workbench"],
    "pattern": ["CWC", "CIC", "CIC"],
    "key": {
      "C": "thump989:caldpteron_scale",
      "I": "minecraft:ice",
      "W": "minecraft:wind_charge"
    },
    "unlock": [
      {
        "item": "thump989:caldpteron_scale"
      }
    ],
    "result": [
      {
        "item": "thump989:frostwinds_staff"
      }
    ]
  }
}
