{
  "format_version": "1.17.41",
  "minecraft:recipe_shaped": {
    "description": {
      "identifier": "thump989:icicle_glaive"
    },
    "tags": ["mystic_workbench"],
    "pattern": ["CDC", "CIC", "CIC"],
    "key": {
      "C": "thump989:caldpteron_scale",
      "I": "minecraft:ice",
      "D": "minecraft:diamond"
    },
    "unlock": [
      {
        "item": "thump989:caldpteron_scale"
      }
    ],
    "result": [
      {
        "item": "thump989:icicle_glaive"
      }
    ]
  }
}
