{
  "format_version": "1.17.41",
  "minecraft:recipe_shaped": {
    "description": {
      "identifier": "thump989:malumite_hoe"
    },
    "tags": ["crafting_table"],
    "pattern": ["MM ", " S ", " S "],
    "key": {
      "M": "thump989:malumite_bar",
      "S": "minecraft:sculk"
    },
    "unlock": [
      {
        "item": "thump989:malumite_bar"
      },
      {
        "item": "minecraft:sculk"
      }
    ],
    "result": [
      {
        "item": "thump989:malumite_hoe",

        "count": 1
      }
    ]
  }
}
