{
	"format_version": "1.17.41",
	"minecraft:recipe_shaped": {
		"description": {
			"identifier": "thump989:malumite_pick"
		},
		"tags": ["crafting_table"],
		"pattern": [
			"MMM",
			" S ",
			" S "
		],
		"key": {
			"M": "thump989:malumite_bar",
			"S": "minecraft:sculk"
		},
		"unlock": [
			{
				"item": "thump989:malumite_bar"
			},
			{
				"item": "minecraft:sculk"
			}
		],
		"result": [
			{
				"item": "thump989:malumite_pickaxe",
				
				"count": 1
			}
		]
	}
}