{
  "format_version": "1.21.80",
  "minecraft:item": {
    "description": {
      "identifier": "thump989:faux_armour",
      "menu_category": {
        "category": "none",
        "is_hidden_in_commands": true
      }
    },
    "components": {
      "minecraft:max_stack_size": 1,
      "minecraft:icon": "faux_armour",
      "minecraft:wearable": {
        "slot": "slot.armor.chest",
        "protection": 15
      },
      "minecraft:enchantable": {
        "slot": "armor_torso",
        "value": 9
      }
    }
  }
}
