{
  "format_version": "1.17.41",
  "minecraft:recipe_shaped": {
    "description": {
      "identifier": "thump989:cheese_press"
    },
    "tags": ["crafting_table"],
    "pattern": ["FSF", "PBP", "PPP"],
    "key": {
      "F": "minecraft:fence",
      "P": "minecraft:planks",
      "S": "minecraft:stick",
      "B": "minecraft:bucket"
    },
    "unlock": [
      {
        "item": "minecraft:fence"
      },
      {
        "item": "minecraft:planks"
      },
      {
        "item": "minecraft:stick"
      },
      {
        "item": "minecraft:bucket"
      }
    ],
    "result": [
      {
        "item": "thump989:cheese_press",

        "count": 1
      }
    ]
  }
}
