{
  "format_version": "1.17.41",
  "minecraft:recipe_shaped": {
    "description": {
      "identifier": "thump989:dark_totem"
    },
    "tags": ["mystic_workbench"],
    "pattern": [" T ", "MEM", "PPP"],
    "key": {
      "T": "minecraft:totem_of_undying",
      "M": "thump989:malumite_bar",
      "E": "minecraft:end_rod",
      "P": "minecraft:dark_prismarine"
    },
    "unlock": [
      {
        "item": "thump989:mystic_workbench"
      },
      { "item": "thump989:cube_of_knowledge" }
    ],
    "result": [
      {
        "item": "thump989:dark_totem",

        "count": 1
      }
    ]
  }
}
