{
  "format_version": "1.17.41",
  "minecraft:recipe_shaped": {
    "description": {
      "identifier": "thump989:fish_trap"
    },
    "tags": ["crafting_table"],
    "pattern": ["SBS", "BSB", "SBS"],
    "key": {
      "S": "minecraft:stick",
      "B": "minecraft:string"
    },
    "unlock": [
      {
        "item": "minecraft:stick"
      },
      {
        "item": "minecraft:string"
      }
    ],
    "result": [
      {
        "item": "thump989:fish_trap",

        "count": 1
      }
    ]
  }
}
