{
  "format_version": "1.17.41",
  "minecraft:recipe_shaped": {
    "description": {
      "identifier": "thump989:sieve"
    },
    "tags": ["crafting_table"],
    "pattern": ["SCS", "SCS", "S S"],
    "key": {
      "S": "minecraft:stone",
      "C": "minecraft:chain"
    },
    "unlock": [
      {
        "item": "minecraft:stone"
      },
      {
        "item": "minecraft:chain"
      }
    ],
    "result": [
      {
        "item": "thump989:sieve",

        "count": 1
      }
    ]
  }
}
