{
  "format_version": "1.17.41",
  "minecraft:recipe_shaped": {
    "description": {
      "identifier": "thump989:stellar_core"
    },
    "tags": ["crafting_table"],
    "pattern": ["IDI", "ISI", "IDI"],
    "key": {
      "I": "minecraft:iron_ingot",
      "S": "thump989:cosmic_star",
      "D": "minecraft:diamond"
    },
    "unlock": [
      {
        "item": "thump989:cosmic_star"
      }
    ],
    "result": [
      {
        "item": "thump989:stellar_reactor_core",
        "count": 1
      }
    ]
  }
}
