{
  "format_version": "1.21.60",
  "minecraft:crafting_items_catalog": {
    "categories": [
      {
        "category_name": "nature",
        "groups": [
          {
            "group_identifier": {
              "icon": "thump989:glowworm_egg_vine",
              "name": "thump989:itemGroup.name.tower_eggs"
            },
            "items": [
              "thump989:glowworm_egg_vine",
              "thump989:fly_bush",
              "thump989:radioactive_coral",
              "thump989:somberfish_eggs",
              "thump989:caldpteron_egg"
            ]
          }
        ]
      },
      {
        "category_name": "equipment",
        "groups": [
          {
            "group_identifier": {
              "icon": "thump989:malumite_helmet",
              "name": "thump989:itemGroup.name.malumite"
            },
            "items": [
              "thump989:malumite_helmet",
              "thump989:malumite_chestplate",
              "thump989:malumite_leggings",
              "thump989:malumite_boots",
              "thump989:malumite_sword",
              "thump989:malumite_axe",
              "thump989:malumite_pickaxe",
              "thump989:malumite_shovel",
              "thump989:malumite_hoe"
            ]
          },
          {
            "group_identifier": {
              "icon": "thump989:cobalt_helmet",
              "name": "thump989:itemGroup.name.cobalt"
            },
            "items": [
              "thump989:cobalt_helmet",
              "thump989:cobalt_chestplate",
              "thump989:cobalt_leggings",
              "thump989:cobalt_boots",
              "thump989:cobalt_sword",
              "tump989:cobalt_axe",
              "thump989:cobalt_pickaxe",
              "thump989:cobalt_shovel",
              "thump989:cobalt_hoe"
            ]
          },
          {
            "group_identifier": {
              "icon": "thump989:arcane_tome",
              "name": "thump989:itemGroup.name.magic_tomes"
            },
            "items": [
              "thump989:arcane_tome",
              "thump989:arcane_tome_dx",
              "thump989:extinction_tome",
              "thump989:extinction_tome_dx",
              "thump989:cureall_tome",
              "thump989:flight_tome",
              "thump989:lifeweaver_tome",
              "thump989:lifeweaver_tome_dx",
              "thump989:lightning_tome",
              "thump989:necromantic_tome",
              "thump989:necromantic_tome_dx",
              "thump989:reagent_tome",
              "thump989:toxic_dartstorm_tome",
              "thump989:magic_missile",
              "thump989:magic_boomerang_tome",
              "thump989:stellar_tempest_tome",
              "thump989:teleportation_tome"
            ]
          },
          {
            "group_identifier": {
              "icon": "thump989:blazing_mace",
              "name": "thump989:itemGroup.name.elemental_weapons"
            },
            "items": [
              "thump989:blazing_mace",
              "thump989:blemished_mace",
              "thump989:brine_mace",
              "thump989:astral_mace",
              "thump989:fire_staff",
              "thump989:earth_staff",
              "thump989:water_staff",
              "thump989:air_staff",
              "thump989:astral_staff"
            ]
          },
          {
            "group_identifier": {
              "icon": "thump989:honeycomb_ring",
              "name": "thump989:itemGroup.name.offhand_equipment"
            },
            "items": [
              "thump989:honeycomb_ring",
              "thump989:endless_waffle",
              "thump989:runners_baton",
              "thump989:spirit_of_the_turtle",
              "thump989:voidskipper_heart",
              "thump989:faux_moth_wings",
              "thump989:ominous_talisman"
            ]
          },
          {
            "group_identifier": {
              "icon": "thump989:homeworld_locator",
              "name": "thump989:itemGroup.name.teleporters"
            },
            "items": [
              "thump989:homeworld_locator",
              "thump989:azure_dimensional_focus",
              "thump989:azure_dimensional_locator",
              "thump989:amber_dimensional_focus",
              "thump989:amber_dimensional_locator",
              "thump989:alabaster_dimensional_focus",
              "thump989:alabaster_dimensional_locator",
              "thump989:verdant_dimensional_focus",
              "thump989:verdant_dimensional_locator",
              "thump989:air_universal_focus",
              "thump989:air_universal_locator",
              "thump989:earth_universal_focus",
              "thump989:earth_universal_locator",
              "thump989:fire_universal_focus",
              "thump989:fire_universal_locator",
              "thump989:water_universal_focus",
              "thump989:water_universal_locator"
            ]
          }
        ]
      }
    ]
  }
}
