{
  "pools": [
    {
      "rolls": 1,
      "entries": [
        {
          "type": "item",
          "name": "thump989:cobalt_ore",
          "weight": 1,
          "conditions": [
            {
              "condition": "match_tool",
              "minecraft:match_tool_filter_any": [
                "thump989:malumite_tier",
                "thump989:cobalt_tier"
              ],
              "minecraft:match_tool_filter_all": ["minecraft:is_pickaxe"]
            }
          ]
        }
      ]
    }
  ]
}
