{
  "pools": [
    {
      "rolls": 1,
      "entries": [
        {
          "type": "item",
          "name": "thump989:raw_malumite",
          "weight": 1,
          "conditions": [
            {
              "condition": "match_tool",
              "minecraft:match_tool_filter_any": [
                "minecraft:netherite_tier",
                "thump989:malumite_tier",
                "thump989:cobalt_tier"
              ],
              "minecraft:match_tool_filter_all": ["minecraft:is_hoe"]
            }
          ],
          "functions": [
            {
              "function": "set_count",
              "count": {
                "min": 1,
                "max": 4
              }
            }
          ]
        }
      ]
    },
    {
      "rolls": 1,
      "entries": [
        {
          "type": "item",
          "name": "thump989:raw_malumite",
          "weight": 1,
          "conditions": [
            {
              "condition": "match_tool",
              "minecraft:match_tool_filter_any": [
                "minecraft:netherite_tier",
                "thump989:malumite_tier",
                "thump989:cobalt_tier"
              ],
              "minecraft:match_tool_filter_all": ["minecraft:is_hoe"],
              "enchantments": [
                {
                  "enchantment": "fortune",
                  "levels": {
                    "range_max": 1,
                    "range_min": 1
                  }
                }
              ]
            }
          ],
          "functions": [
            {
              "function": "set_count",
              "count": {
                "min": 1,
                "max": 4
              }
            }
          ]
        }
      ]
    },
    {
      "rolls": 1,
      "entries": [
        {
          "type": "item",
          "name": "thump989:raw_malumite",
          "weight": 1,
          "conditions": [
            {
              "condition": "match_tool",
              "minecraft:match_tool_filter_any": [
                "minecraft:netherite_tier",
                "thump989:malumite_tier",
                "thump989:cobalt_tier"
              ],
              "minecraft:match_tool_filter_all": ["minecraft:is_hoe"],
              "enchantments": [
                {
                  "enchantment": "fortune",
                  "levels": {
                    "range_max": 2,
                    "range_min": 2
                  }
                }
              ]
            }
          ],
          "functions": [
            {
              "function": "set_count",
              "count": {
                "min": 2,
                "max": 4
              }
            }
          ]
        }
      ]
    },
    {
      "rolls": 1,
      "entries": [
        {
          "type": "item",
          "name": "thump989:raw_malumite",
          "weight": 1,
          "conditions": [
            {
              "condition": "match_tool",
              "minecraft:match_tool_filter_any": [
                "minecraft:netherite_tier",
                "thump989:malumite_tier",
                "thump989:cobalt_tier"
              ],
              "minecraft:match_tool_filter_all": ["minecraft:is_hoe"],
              "enchantments": [
                {
                  "enchantment": "fortune",
                  "levels": {
                    "range_max": 3,
                    "range_min": 3
                  }
                }
              ]
            }
          ],
          "functions": [
            {
              "function": "set_count",
              "count": {
                "min": 3,
                "max": 4
              }
            }
          ]
        }
      ]
    }
  ]
}
