{
  "pools": [
    {
      "rolls": 1,
      "entries": [
        {
          "type": "empty",
          "weight": 100
        },
        {
          "type": "item",
          "name": "minecraft:coal",
          "weight": 16
        },
        {
          "type": "item",
          "name": "minecraft:emerald",
          "weight": 4
        },
        {
          "type": "item",
          "name": "minecraft:wheat",
          "weight": 16
        },
        {
          "type": "item",
          "name": "minecraft:gold_nugget",
          "weight": 16
        },
        {
          "type": "item",
          "name": "minecraft:angler_pottery_sherd",
          "weight": 2
        },
        {
          "type": "item",
          "name": "minecraft:shelter_pottery_sherd",
          "weight": 2
        },
        {
          "type": "item",
          "name": "minecraft:snort_pottery_sherd",
          "weight": 2
        },
        {
          "type": "item",
          "name": "minecraft:archer_pottery_sherd",
          "weight": 2
        },
        {
          "type": "item",
          "name": "minecraft:miner_pottery_sherd",
          "weight": 2
        },
        {
          "type": "item",
          "name": "minecraft:prize_pottery_sherd",
          "weight": 2
        },
        {
          "type": "item",
          "name": "minecraft:skull_pottery_sherd",
          "weight": 2
        },
        {
          "type": "item",
          "name": "minecraft:arms_up_pottery_sherd",
          "weight": 2
        },
        {
          "type": "item",
          "name": "minecraft:brewer_pottery_sherd",
          "weight": 2
        },
        {
          "type": "item",
          "name": "minecraft:tnt",
          "weight": 5
        },
        {
          "type": "item",
          "name": "minecraft:sniffer_egg",
          "weight": 1
        }
      ]
    }
  ]
}
