{
  "pools": [
    {
      "rolls": 1,
      "entries": [
        {
          "type": "item",
          "name": "minecraft:coal",
          "weight": 16
        },
        {
          "type": "item",
          "name": "minecraft:wheat",
          "weight": 16
        },
        {
          "type": "item",
          "name": "minecraft:emerald",
          "weight": 4
        },
        {
          "type": "item",
          "name": "minecraft:gold_nugget",
          "weight": 16
        },
        {
          "type": "item",
          "name": "minecraft:burn_pottery_sherd",
          "weight": 2
        },
        {
          "type": "item",
          "name": "minecraft:danger_pottery_sherd",
          "weight": 2
        },
        {
          "type": "item",
          "name": "minecraft:friend_pottery_sherd",
          "weight": 2
        },
        {
          "type": "item",
          "name": "minecraft:heart_pottery_sherd",
          "weight": 2
        },
        {
          "type": "item",
          "name": "minecraft:heartbreak_pottery_sherd",
          "weight": 2
        },
        {
          "type": "item",
          "name": "minecraft:howl_pottery_sherd",
          "weight": 2
        },
        {
          "type": "item",
          "name": "minecraft:sheaf_pottery_sherd",
          "weight": 2
        },
        {
          "type": "item",
          "name": "minecraft:blade_pottery_sherd",
          "weight": 2
        },
        {
          "type": "item",
          "name": "minecraft:explorer_pottery_sherd",
          "weight": 2
        },
        {
          "type": "item",
          "name": "minecraft:mourner_pottery_sherd",
          "weight": 1
        },
        {
          "type": "item",
          "name": "minecraft:plenty_pottery_sherd",
          "weight": 2
        },
        {
          "type": "item",
          "name": "minecraft:host_armor_trim_smithing_template",
          "weight": 1
        },
        {
          "type": "item",
          "name": "minecraft:raiser_armor_trim_smithing_template",
          "weight": 1
        },
        {
          "type": "item",
          "name": "minecraft:shaper_armor_trim_smithing_template",
          "weight": 1
        },
        {
          "type": "item",
          "name": "minecraft:wayfinder_armor_trim_smithing_template",
          "weight": 1
        },
        {
          "type": "item",
          "name": "minecraft:brick",
          "weight": 8
        },
        {
          "type": "item",
          "name": "minecraft:blue_dye",
          "weight": 8
        },
        {
          "type": "item",
          "name": "minecraft:brown_candle",
          "weight": 8
        },
        {
          "type": "item",
          "name": "minecraft:clay_ball",
          "weight": 8
        },
        {
          "type": "item",
          "name": "minecraft:wheat_seeds",
          "weight": 8
        },
        {
          "type": "item",
          "name": "minecraft:light_blue_dye",
          "weight": 8
        },
        {
          "type": "item",
          "name": "minecraft:orange_dye",
          "weight": 8
        },
        {
          "type": "item",
          "name": "minecraft:purple_candle",
          "weight": 8
        },
        {
          "type": "item",
          "name": "minecraft:red_candle",
          "weight": 8
        },
        {
          "type": "item",
          "name": "minecraft:white_dye",
          "weight": 8
        },
        {
          "type": "item",
          "name": "minecraft:yellow_dye",
          "weight": 8
        },
        {
          "type": "item",
          "name": "minecraft:beetroot_seeds",
          "weight": 8
        },
        {
          "type": "item",
          "name": "minecraft:deadbush",
          "weight": 8
        },
        {
          "type": "item",
          "name": "minecraft:flower_pot",
          "weight": 8
        },
        {
          "type": "item",
          "name": "minecraft:lead",
          "weight": 8
        },
        {
          "type": "item",
          "name": "minecraft:string",
          "weight": 8
        }
      ]
    }
  ]
}
