{
	"format_version": "1.17.41",
	"minecraft:recipe_shaped": {
		"description": {
			"identifier": "thump989:cannon_cascable"
		},
		"tags": ["crafting_table"],
		"pattern": [
			"GEE",
			"GTD",
			"GEE"
		],
		"key": {
			"E": "minecraft:iron_block",
            "S": "minecraft:iron_ingot",
			"G":"minecraft:gunpowder",
			"T":"minecraft:tnt",
			"D":"minecraft:iron_trapdoor"
		},
		"unlock": [
			{
				"item": "minecraft:iron_block"
			},
			{
				"item": "minecraft:gunpowder"
			},
			{
				"item": "minecraft:iron_ingot"
			}
		],
		"result": [
			{
				"item": "thump989:cannon_cascable",
				
				"count": 1
			}
		]
	}
}