{
	"format_version": "1.17.41",
	"minecraft:recipe_shaped": {
		"description": {
			"identifier": "thump989:cannon_reinforce"
		},
		"tags": ["crafting_table"],
		"pattern": [
			"ESE",
			"   ",
			"ESE"
		],
		"key": {
			"E": "minecraft:iron_block",
            "S": "minecraft:iron_ingot"
		},
		"unlock": [
			{
				"item": "minecraft:iron_block"
			},
			{
				"item": "minecraft:iron_ingot"
			}
		],
		"result": [
			{
				"item": "thump989:cannon_reinforce",
				
				"count": 1
			}
		]
	}
}