{
  "format_version": "1.21.90",
  "minecraft:item": {
    "description": {
      "identifier": "thump989:butter",
      "menu_category": {
        "category": "equipment",
        "group": "minecraft:itemGroup.name.miscFood"
      }
    },
    "components": {
      "minecraft:max_stack_size": 64,
      "minecraft:icon": "butter",
      "minecraft:enchantable": {
        "slot": "sword",
        "value": 1
      },
      "minecraft:food": {
        "can_always_eat": false,
        "nutrition": 6,
        "saturation_modifier": 0.6
      },
      "minecraft:use_modifiers": {
        "movement_modifier": 0.32,
        "use_duration": 1.6
      },
      "minecraft:use_animation": "eat"
    }
  }
}
