{
	"format_version": "1.20.50",
	"minecraft:item": {
		"description": {
			"identifier": "thump989:cooked_sniffer_ribs",
			"menu_category": {
				"category": "equipment",
				"group": "itemGroup.name.cookedFood"
			}
		},
		"components": {
			"minecraft:max_stack_size": 64,
			"minecraft:icon": {
				"texture": "cooked_sniffer_ribs"
			},
			"minecraft:food": {
				"nutrition": 10,
				"saturation_modifier": 2.4
			},
			"minecraft:use_modifiers": {
				"movement_modifier": 0.32,
				"use_duration": 1.6
			},
			"minecraft:use_animation": "eat"
		}
	}
}