{
  "format_version": "1.21.90",
  "minecraft:item": {
    "description": {
      "identifier": "thump989:glazed_bread",
      "menu_category": {
        "category": "equipment",
        "group": "minecraft:itemGroup.name.miscFood"
      }
    },
    "components": {
      "minecraft:max_stack_size": 64,
      "minecraft:rarity": "uncommon",
      "minecraft:icon": "glazed_bread",
      "minecraft:food": {
        "nutrition": 9,
        "saturation_modifier": 1
      },
      "minecraft:use_modifiers": {
        "movement_modifier": 0.32,
        "use_duration": 1.6
      },
      "minecraft:use_animation": "eat"
    }
  }
}
