{
  "format_version": "1.21.90",
  "minecraft:item": {
    "description": {
      "identifier": "thump989:golden_apple_sapling",
      "menu_category": {
        "category": "nature",
        "group": "minecraft:itemGroup.name.seed"
      }
    },
    "components": {
      "minecraft:max_stack_size": 64,
      "minecraft:rarity": "uncommon",
      "minecraft:block_placer": {
        "replace_block_item": true,
        "block": "thump989:golden_apple_sapling",
        "use_on": ["minecraft:farmland"]
      },
      "minecraft:icon": "golden_apple_seed",
      "minecraft:glint": true
    }
  }
}
