{
  "format_version": "1.21.90",
  "minecraft:item": {
    "description": {
      "identifier": "thump989:hydro_drop",
      "menu_category": {
        "category": "equipment"
      }
    },
    "components": {
      "minecraft:max_stack_size": 64,
      "minecraft:icon": "hydro_drop",
      "minecraft:food": {
        "nutrition": 0,
        "saturation_modifier": 0,
        "can_always_eat": true
      },
      "thump989:hydro_drop": {},
      "minecraft:use_modifiers": {
        "movement_modifier": 0.32,
        "use_duration": 0.6
      },
      "minecraft:use_animation": "drink"
    }
  }
}
