{
  "format_version": "1.21.90",
  "minecraft:item": {
    "description": {
      "identifier": "thump989:mystic_cheese",
      "menu_category": {
        "category": "equipment",
        "group": "minecraft:itemGroup.name.miscFood"
      }
    },
    "components": {
      "minecraft:max_stack_size": 16,
      "minecraft:icon": "mystic_cheese",
      "minecraft:rarity": "uncommon",
      "thump989:cheese_cure": {},
      "minecraft:food": {
        "nutrition": 4,
        "saturation_modifier": 0.6,
        "can_always_eat": true
      },
      "minecraft:use_modifiers": {
        "movement_modifier": 0.32,
        "use_duration": 1.6
      },
      "minecraft:use_animation": "eat"
    }
  }
}
