{
	"format_version": "1.20.50",
	"minecraft:item": {
		"description": {
			"identifier": "thump989:raw_sniffer_ribs",
			"menu_category": {
				"category": "nature",
				"group": "itemGroup.name.rawFood"
			}
		},
		"components": {
			"minecraft:max_stack_size": 64,
			"minecraft:icon": {
				"texture": "raw_sniffer_ribs"
			},
			"minecraft:food": {
				"nutrition": 7,
				"saturation_modifier": 0.3
			},
			"minecraft:use_modifiers": {
				"movement_modifier": 0.32,
				"use_duration": 1.6
			},
			"minecraft:use_animation": "eat"
		}
	}
}