{
  "format_version": "1.21.90",
  "minecraft:item": {
    "description": {
      "identifier": "thump989:air_universal_focus",
      "menu_category": {
        "category": "equipment"
      }
    },
    "components": {
      "minecraft:max_stack_size": 1,
      "minecraft:icon": "air_universal_focus",
      "minecraft:cooldown": {
        "category": "elemental_focus",
        "duration": 3
      },
      "thump989:universal_focus": {
        "use_message": "§5Air Universal Focus§e has been calibrated to:§b ",
        "property_type": "air_focus",
        "dimension_property_type": "air_dimension",
        "locator_id": "thump989:air_universal_locator",
        "particle_id": "thump989:universal_focus_air"
      }
    }
  }
}
