{
  "format_version": "1.21.90",
  "minecraft:item": {
    "description": {
      "identifier": "thump989:alabaster_dimensional_focus",
      "menu_category": {
        "category": "equipment"
      }
    },
    "components": {
      "minecraft:max_stack_size": 1,
      "minecraft:icon": "alabaster_dimensional_focus",
      "minecraft:cooldown": {
        "category": "teleport_placer",
        "duration": 3
      },
      "thump989:entity_placer": {
        "entity_type": "thump989:dimensional_focus",
        "spawn_event": "thump989:spawn_pearl",
        "spawn_message": "§eAlabaster Dimensional Focus has been placed in the ",
        "variant": "alabaster"
      }
    }
  }
}
