{
  "format_version": "1.21.90",
  "minecraft:item": {
    "description": {
      "identifier": "thump989:azure_dimensional_locator",
      "menu_category": {
        "category": "equipment"
      }
    },
    "components": {
      "minecraft:max_stack_size": 64,
      "minecraft:icon": "azure_dimensional_locator",
      "thump989:teleport_locator": {
        "target": "thump989:dimensional_focus",
        "variant": "azure",
        "fail_message": "§cAzure Dimensional Focus does not exist"
      },
      "thump989:locator_particle": {
        "particle_id": "thump989:azure_locator_particle"
      },
      "minecraft:use_modifiers": {
        "movement_modifier": 1,
        "use_duration": 3
      },
      "minecraft:use_animation": {
        "value": "brush"
      },
      "minecraft:cooldown": {
        "category": "teleporter",
        "duration": 3
      }
    }
  }
}
