{
  "format_version": "1.10.0",
  "animations": {
    "animation.glaive_dummy": {
      "timeline": {
        "0.0": ["/damage @e[family=monter,r=11] 8 override"]
      },
      "animation_length": 2,
      "loop": true
    },
    "animation.grapple_retract": {
      "timeline": {
        "0.0": ["/scriptevent thump989:grappledummy reel"]
      },
      "animation_length": 0.2,
      "loop": true
    },
    "animation.grapple_despawn": {
      "timeline": {
        "29.0": ["@s thump989:instant_despawn"]
      },
      "animation_length": 30,
      "loop": true
    }
  }
}
