{
  "pools": [
    {
      "rolls": 10,
      "entries": [
        {
          "type": "item",
          "name": "minecraft:arrow",
          "functions": [
            {
              "function": "set_count",
              "count": {
                "min": 1,
                "max": 9
              }
            }
          ],
          "weight": 3
        },
        {
          "type": "item",
          "name": "minecraft:flint",
          "functions": [
            {
              "function": "set_count",
              "count": {
                "min": 1,
                "max": 4
              }
            }
          ],
          "weight": 2
        }
      ]
    },
    {
      "rolls": 1,
      "entries": [
        {
          "type": "item",
          "name": "minecraft:bow",
          "functions": [
            {
              "function": "enchant_with_levels",

              "levels": {
                "min": 15,
                "max": 21
              },
              "treasure": false
            }
          ]
        }
      ]
    }
  ]
}
