{
  "pools": [
    {
      "rolls": 6,
      "entries": [
        {
          "type": "item",
          "name": "minecraft:cooked_beef",
          "functions": [
            {
              "function": "set_count",
              "count": {
                "min": 1,
                "max": 7
              }
            }
          ],
          "weight": 1
        },
        {
          "type": "item",
          "name": "minecraft:cooked_porkchop",
          "functions": [
            {
              "function": "set_count",
              "count": {
                "min": 1,
                "max": 7
              }
            }
          ],
          "weight": 1
        },
        {
          "type": "item",
          "name": "minecraft:cooked_chicken",
          "functions": [
            {
              "function": "set_count",
              "count": {
                "min": 1,
                "max": 7
              }
            }
          ],
          "weight": 1
        },
        {
          "type": "item",
          "name": "minecraft:cooked_mutton",
          "functions": [
            {
              "function": "set_count",
              "count": {
                "min": 1,
                "max": 7
              }
            }
          ],
          "weight": 1
        },
        {
          "type": "item",
          "name": "minecraft:cooked_rabbit",
          "functions": [
            {
              "function": "set_count",
              "count": {
                "min": 1,
                "max": 7
              }
            }
          ],
          "weight": 1
        }
      ]
    }
  ]
}
