{
  "pools": [
    {
      "rolls": 1,
      "entries": [
        {
          "type": "item",
          "name": "minecraft:dried_ghast",
          "weight": 1
        },
        {
          "type": "empty",
          "weight": 3
        }
      ]
    },
    {
      "rolls": 10,
      "entries": [
        {
          "type": "item",
          "name": "minecraft:magma_cream",
          "functions": [
            {
              "function": "set_count",
              "count": {
                "min": 1,
                "max": 3
              }
            }
          ],
          "weight": 1
        },
        {
          "type": "item",
          "name": "minecraft:netherrack",
          "functions": [
            {
              "function": "set_count",
              "count": {
                "min": 2,
                "max": 14
              }
            }
          ],
          "weight": 3
        },
        {
          "type": "item",
          "name": "minecraft:fermented_spider_eye",
          "weight": 2
        }
      ]
    }
  ]
}
