{
  "pools": [
    {
      "rolls": 8,
      "entries": [
        {
          "type": "item",
          "name": "minecraft:paper",
          "functions": [
            {
              "function": "set_count",
              "count": {
                "min": 2,
                "max": 14
              }
            }
          ],
          "weight": 8
        },
        {
          "type": "item",
          "name": "minecraft:book",
          "functions": [
            {
              "function": "set_count",
              "count": {
                "min": 2,
                "max": 5
              }
            }
          ],
          "weight": 5
        },
        {
          "type": "item",
          "name": "minecraft:book",
          "weight": 3,
          "functions": [
            {
              "function": "enchant_with_levels",
              "levels": {
                "min": 30,
                "max": 50
              },
              "treasure": true
            }
          ]
        }
      ]
    }
  ]
}
