{
  "pools": [
    {
      "rolls": 12,
      "entries": [
        {
          "type": "item",
          "name": "minecraft:resin_clump",
          "functions": [
            {
              "function": "set_count",
              "count": {
                "min": 1,
                "max": 4
              }
            }
          ],
          "weight": 2
        },
        {
          "type": "item",
          "name": "minecraft:bone",
          "functions": [
            {
              "function": "set_count",
              "count": {
                "min": 1,
                "max": 2
              }
            }
          ],
          "weight": 1
        }
      ]
    },
    {
      "rolls": 1,
      "entries": [
        {
          "type": "item",
          "name": "thump989:recipe_book_glazedbread"
        }
      ]
    }
  ]
}
