{
  "pools": [
    {
      "rolls": 7,
      "entries": [
        {
          "type": "item",
          "name": "minecraft:cod",
          "functions": [
            {
              "function": "set_count",
              "count": {
                "min": 1,
                "max": 3
              }
            }
          ],
          "weight": 2
        },
        {
          "type": "item",
          "name": "minecraft:salmon",
          "functions": [
            {
              "function": "set_count",
              "count": {
                "min": 1,
                "max": 2
              }
            }
          ],
          "weight": 1
        }
      ]
    }
  ]
}
