{
  "format_version": "1.17.41",
  "minecraft:recipe_shaped": {
    "description": {
      "identifier": "thump989:cobalt_sword"
    },
    "tags": ["crafting_table"],
    "pattern": [" M ", " M ", " S "],
    "key": {
      "M": "thump989:cobalt_ingot",
      "S": "minecraft:stick"
    },
    "unlock": [
      {
        "item": "thump989:cobalt_ingot"
      }
    ],
    "result": [
      {
        "item": "thump989:cobalt_sword",

        "count": 1
      }
    ]
  }
}
