{
  "format_version": "1.10.0",
  "animations": {
    "animation.air_minister.thunder_spawn_1": {
      "timeline": {
        "0.5": [
          "/execute as @a[r=40] at @s run summon thump989:air_minister_thunder_spawner"
        ]
      },
      "animation_length": 10,
      "loop": true
    },
    "animation.air_minister.thunder_spawn_2": {
      "timeline": {
        "0.5": [
          "/execute as @a[r=40] at @s run summon thump989:air_minister_thunder_spawner"
        ]
      },
      "animation_length": 7,
      "loop": true
    }
  }
}
