{
  "format_version": "1.10.0",
  "animations": {
    "animation.astral_minister.star_rain": {
      "timeline": {
        "0.05": [
          "/scriptevent thump989:astral_minister_star star_rain",
          "/scriptevent thump989:astral_minister_star star_rain",
          "/scriptevent thump989:astral_minister_star star_rain",
          "/scriptevent thump989:astral_minister_star star_rain",
          "/scriptevent thump989:astral_minister_star star_rain",
          "/scriptevent thump989:astral_minister_star star_rain"
        ]
      },
      "animation_length": 0.1,
      "loop": true
    },
    "animation.astral_minister.coral_spawn": {
      "timeline": {
        "0.5": ["/scriptevent thump989:astral_minister_coral coral_spawn"],
        "0.75": ["/scriptevent thump989:astral_minister_coral coral_spawn"],
        "1.0": ["/scriptevent thump989:astral_minister_coral coral_spawn"],
        "1.5": ["/scriptevent thump989:astral_minister_coral coral_spawn"],
        "2.0": ["/scriptevent thump989:astral_minister_coral coral_spawn"],
        "2.25": ["/scriptevent thump989:astral_minister_coral coral_spawn"],
        "2.5": ["/scriptevent thump989:astral_minister_coral coral_spawn"],
        "3.0": ["/scriptevent thump989:astral_minister_coral coral_spawn"]
      },
      "animation_length": 3.1,
      "loop": true
    },
    "animation.astral_minister.blackhole_timer": {
      "timeline": {
        "0.05": ["@s thump989:blackhole_timer"]
      },
      "animation_length": 1,
      "loop": true
    },
    "animation.black_hole.suction": {
      "timeline": {
        "0.05": ["/scriptevent thump989:black_hole suction"]
      },
      "animation_length": 0.1,
      "loop": true
    }
  }
}
