{
  "format_version": "1.10.0",
  "animations": {
    "animation.phantore.homing_attack": {
      "timeline": {
        "0.0": ["/playsound mob.evocation_illager.prepare_attack @a ~ ~ ~ 4"],
        "0.7": ["/scriptevent thump989:phantore_homing_shot homing1"],
        "1.75": ["@s thump989:phantore_homingshot_end"]
      },
      "animation_length": 1.8,
      "loop": false
    },
    "animation.phantore.homing_attack_2": {
      "timeline": {
        "0.0": ["/playsound mob.evocation_illager.prepare_attack @a ~ ~ ~ 4"],
        "0.7": ["/scriptevent thump989:phantore_homing_shot_2 homing2"],
        "1.75": ["@s thump989:phantore_homingshot_end"]
      },
      "animation_length": 1.8,
      "loop": false
    },
    "animation.phantore.death_failsafe": {
      "timeline": {
        "7.75": ["@s thump989:phantore_phase1_defeat"]
      },
      "animation_length": 8,
      "loop": false
    }
  }
}
