{
  "format_version": "1.10.0",
  "animations": {
    "animation.phantore.skullshoot_1": {
      "timeline": {
        "0.05": ["/scriptevent thump989:phantore_skullwarn1 skull1"],
        "0.9": ["/scriptevent thump989:phantore_skullshoot1 skullshot1"],
        "1.05": ["@s thump989:phantore_skullshot_end"]
      },
      "animation_length": 1.1,
      "loop": false
    },
    "animation.phantore.skullshoot_2": {
      "timeline": {
        "0.05": ["/scriptevent thump989:phantore_skullwarn2 skull2"],
        "0.9": ["/scriptevent thump989:phantore_skullshoot2 skullshot2"],
        "1.05": ["@s thump989:phantore_skullshot_end"]
      },
      "animation_length": 1.1,
      "loop": false
    },
    "animation.phantore.super_skullshoot_1": {
      "timeline": {
        "0.05": ["/scriptevent thump989:phantore_skullwarn1 skull1"],
        "1": ["/scriptevent thump989:phantore_skullshoot1 skullshot1"],
        "1.15": ["/scriptevent thump989:phantore_skullwarn2 skull2"],
        "2.05": ["/scriptevent thump989:phantore_skullshoot2 skullshot2"],
        "2.1": ["@s thump989:phantore_skullshot_end"]
      },
      "animation_length": 2.2,
      "loop": false
    },
    "animation.phantore.super_skullshoot_2": {
      "timeline": {
        "0.05": ["/scriptevent thump989:phantore_skullwarn2 skull2"],
        "0.9": ["/scriptevent thump989:phantore_skullshoot2 skullshot2"],
        "1.15": ["/scriptevent thump989:phantore_skullwarn1 skull1"],
        "2.05": ["/scriptevent thump989:phantore_skullshoot1 skullshot1"],
        "2.1": ["@s thump989:phantore_skullshot_end"]
      },
      "animation_length": 2.2,
      "loop": false
    },
    "animation.phantore.xp_siphon": {
      "timeline": {
        "0.0": ["/scriptevent thump989:phantore_xp_absorb xp"]
      },
      "animation_length": 0.05,
      "loop": true
    },
    "animation.phantore.xp_suction": {
      "timeline": {
        "0.0": [
          "/execute as @e[type=xp_orb] at @s run tp @s ^ ^ ^0.6 facing @e[type=thump989:phantore_phase_1,c=1]",
          "/scriptevent thump989:phantore_xp_kill xp_kill"
        ]
      },
      "animation_length": 0.05,
      "loop": true
    },
    "animation.phantore.xp_suction_phase2": {
      "timeline": {
        "0.0": [
          "/execute as @e[type=xp_orb] at @s run tp @s ^ ^ ^0.6 facing @e[type=thump989:phantore_phase_2,c=1]",
          "/scriptevent thump989:phantore_xp_kill xp_kill"
        ]
      },
      "animation_length": 0.05,
      "loop": true
    },
    "animation.phantore.xp_suction_phase3": {
      "timeline": {
        "0.0": [
          "/execute as @e[type=xp_orb] at @s run tp @s ^ ^ ^0.7 facing @e[type=thump989:phantore_phase_3,c=1]",
          "/scriptevent thump989:phantore_xp_kill xp_kill"
        ]
      },
      "animation_length": 0.05,
      "loop": true
    },
    "animation.phantore.xp_suction_phase4": {
      "timeline": {
        "0.0": [
          "/execute as @e[type=xp_orb] at @s run tp @s ^ ^ ^0.7 facing @e[type=thump989:phantore_phase_4,c=1]",
          "/scriptevent thump989:phantore_xp_kill xp_kill"
        ]
      },
      "animation_length": 0.05,
      "loop": true
    },
    "animation.phantore.fire_res_remove": {
      "timeline": {
        "0.0": ["/effect @a[r=50] clear fire_resistance"]
      },
      "animation_length": 1,
      "loop": true
    },
    "animation.phantore.nightlock": {
      "timeline": {
        "0.0": ["/time set midnight"]
      },
      "animation_length": 60,
      "loop": true
    },
    "animation.phantore.timer_tick": {
      "timeline": {
        "0.0": ["@s thump989:shadowfire_timer_tick"]
      },
      "animation_length": 1,
      "loop": true
    },
    "animation.phantore.spirit_timer_tick": {
      "timeline": {
        "0.0": ["@s thump989:spirit_timer_tick"]
      },
      "animation_length": 1,
      "loop": true
    },
    "animation.phantore.defeat_failsafe": {
      "timeline": {
        "4.75": ["@s thump989:phantore_phase1_defeat"]
      },
      "animation_length": 5,
      "loop": true
    }
  }
}
