{
  "pools": [
    {
      "rolls": 1,
      "entries": [
        {
          "type": "empty",
          "weight": 20
        },
        {
          "type": "item",
          "name": "minecraft:raw_iron",
          "functions": [
            {
              "function": "set_count",
              "count": {
                "min": 0,
                "max": 6
              }
            }
          ],
          "weight": 10
        },
        {
          "type": "item",
          "name": "minecraft:raw_gold",
          "functions": [
            {
              "function": "set_count",
              "count": {
                "min": 0,
                "max": 5
              }
            }
          ],
          "weight": 6
        },
        {
          "type": "item",
          "name": "minecraft:redstone",
          "functions": [
            {
              "function": "set_count",
              "count": {
                "min": 6,
                "max": 20
              }
            }
          ],
          "weight": 3
        },
        {
          "type": "item",
          "name": "minecraft:diamond",
          "functions": [
            {
              "function": "set_count",
              "count": {
                "min": 1,
                "max": 2
              }
            }
          ],
          "weight": 1
        }
      ]
    },
    {
      "rolls": 1,
      "conditions": [
        {
          "condition": "random_chance_with_looting",
          "chance": 0.5,
          "looting_multiplier": 0.15
        }
      ],
      "entries": [
        {
          "type": "item",
          "name": "thump989:blemish_rod"
        }
      ]
    }
  ]
}
