{
  "pools": [
    {
      "rolls": 4,
      "entries": [
        {
          "type": "item",
          "conditions": [
            {
              "condition": "random_chance_with_looting",
              "chance": 0.75,
              "looting_multiplier": 0.15
            }
          ],
          "name": "minecraft:diamond"
        }
      ]
    },
    {
      "rolls": 24,
      "entries": [
        {
          "type": "item",
          "conditions": [
            {
              "condition": "random_chance_with_looting",
              "chance": 0.5,
              "looting_multiplier": 0.15
            }
          ],
          "name": "thump989:caldpteron_scale"
        }
      ]
    },
    {
      "rolls": 1,
      "entries": [
        {
          "type": "item",
          "conditions": [
            {
              "condition": "random_chance_with_looting",
              "chance": 0.1,
              "looting_multiplier": 0.05
            }
          ],
          "name": "minecraft:heavy_core"
        }
      ]
    }
  ]
}
