{
  "pools": [
    {
      "rolls": 1,
      "entries": [
        {
          "type": "item",
          "name": "thump989:fire_gem"
        }
      ]
    },
    {
      "rolls": 1,
      "entries": [
        {
          "type": "item",
          "name": "minecraft:blaze_rod",
          "functions": [
            {
              "function": "set_count",
              "count": 10
            }
          ]
        }
      ]
    },
    {
      "rolls": 10,
      "entries": [
        {
          "type": "item",
          "conditions": [
            {
              "condition": "random_chance_with_looting",
              "chance": 0.5,
              "looting_multiplier": 0.15
            }
          ],
          "name": "minecraft:blaze_rod"
        }
      ]
    },
    {
      "rolls": 1,
      "entries": [
        {
          "type": "item",
          "conditions": [
            {
              "condition": "random_chance_with_looting",
              "chance": 0.05,
              "looting_multiplier": 0.025
            }
          ],
          "name": "minecraft:heavy_core"
        }
      ]
    }
  ]
}
