{
  "pools": [
    {
      "rolls": 12,
      "entries": [
        {
          "type": "item",
          "name": "minecraft:iron_ingot",
          "functions": [
            {
              "function": "set_count",
              "count": {
                "min": 1,
                "max": 5
              }
            }
          ],
          "weight": 10
        },
        {
          "type": "item",
          "name": "minecraft:redstone",
          "functions": [
            {
              "function": "set_count",
              "count": {
                "min": 1,
                "max": 4
              }
            }
          ],
          "weight": 10
        },
        {
          "type": "item",
          "name": "minecraft:golden_apple",
          "weight": 10
        },
        {
          "type": "item",
          "name": "minecraft:book",
          "weight": 5,
          "functions": [
            {
              "function": "enchant_with_levels",

              "levels": {
                "min": 50,
                "max": 50
              },
              "treasure": true
            }
          ]
        }
      ]
    }
  ]
}
