{
  "pools": [
    {
      "rolls": 4,
      "entries": [
        {
          "type": "item",
          "conditions": [
            {
              "condition": "random_chance_with_looting",
              "chance": 0.75,
              "looting_multiplier": 0.15
            }
          ],
          "name": "minecraft:netherite_scrap"
        }
      ]
    },
    {
      "rolls": 5,
      "entries": [
        {
          "type": "item",
          "weight": 1,
          "conditions": [
            {
              "condition": "random_chance_with_looting",
              "chance": 0.5,
              "looting_multiplier": 0.15
            }
          ],
          "name": "thump989:fire_gem"
        },
        {
          "type": "item",
          "weight": 1,
          "conditions": [
            {
              "condition": "random_chance_with_looting",
              "chance": 0.5,
              "looting_multiplier": 0.15
            }
          ],
          "name": "thump989:water_gem"
        },
        {
          "type": "item",
          "weight": 1,
          "conditions": [
            {
              "condition": "random_chance_with_looting",
              "chance": 0.5,
              "looting_multiplier": 0.15
            }
          ],
          "name": "thump989:earth_gem"
        },
        {
          "type": "item",
          "weight": 1,
          "conditions": [
            {
              "condition": "random_chance_with_looting",
              "chance": 0.5,
              "looting_multiplier": 0.15
            }
          ],
          "name": "thump989:air_gem"
        }
      ]
    },
    {
      "rolls": 20,
      "entries": [
        {
          "type": "item",
          "conditions": [
            {
              "condition": "random_chance_with_looting",
              "chance": 0.5,
              "looting_multiplier": 0.15
            }
          ],
          "name": "thump989:pure_magic"
        }
      ]
    },
    {
      "rolls": 1,
      "entries": [
        {
          "type": "item",
          "name": "thump989:cursed_soulbone",
          "functions": [
            {
              "function": "set_count",
              "count": 20
            }
          ]
        }
      ]
    },
    {
      "rolls": 25,
      "entries": [
        {
          "type": "item",
          "conditions": [
            {
              "condition": "random_chance_with_looting",
              "chance": 0.5,
              "looting_multiplier": 0.15
            }
          ],
          "name": "thump989:cursed_soulbone"
        }
      ]
    },
    {
      "rolls": 1,
      "entries": [
        {
          "type": "item",
          "conditions": [
            {
              "condition": "random_chance_with_looting",
              "chance": 0.5,
              "looting_multiplier": 0.1
            }
          ],
          "name": "minecraft:heavy_core"
        }
      ]
    }
  ]
}
