{
  "pools": [
    {
      "rolls": 4,
      "entries": [
        {
          "type": "item",
          "conditions": [
            {
              "condition": "random_chance_with_looting",
              "chance": 0.5,
              "looting_multiplier": 0.15
            }
          ],
          "name": "minecraft:candle"
        }
      ]
    },
    {
      "rolls": 5,
      "entries": [
        {
          "type": "item",
          "conditions": [
            {
              "condition": "random_chance_with_looting",
              "chance": 0.5,
              "looting_multiplier": 0.15
            }
          ],
          "name": "minecraft:gold_ingot"
        }
      ]
    }
  ]
}
