{
  "pools": [
    {
      "rolls": 1,
      "entries": [
        {
          "type": "item",
          "name": "minecraft:amethyst_shard",
          "weight": 1,
          "functions": [
            {
              "function": "set_count",

              "count": {
                "min": 12,
                "max": 30
              }
            }
          ]
        },
        {
          "type": "item",
          "name": "minecraft:diamond",
          "weight": 1,
          "functions": [
            {
              "function": "set_count",

              "count": {
                "min": 1,
                "max": 6
              }
            }
          ]
        },
        {
          "type": "item",
          "name": "minecraft:ender_pearl",
          "weight": 1,
          "functions": [
            {
              "function": "set_count",

              "count": {
                "min": 1,
                "max": 3
              }
            }
          ]
        },
        {
          "type": "item",
          "name": "minecraft:glowstone_dust",
          "weight": 2,
          "functions": [
            {
              "function": "set_count",

              "count": {
                "min": 32,
                "max": 64
              }
            }
          ]
        },
        {
          "type": "item",
          "name": "thump989:cosmic_star",
          "weight": 1
        }
      ]
    }
  ]
}
