{
  "pools": [
    {
      "rolls": 1,
      "entries": [
        {
          "type": "item",
          "name": "minecraft:map",
          "weight": 1,
          "functions": [
            {
              "function": "set_name",

              "name": "§r§dDark Castle Explorer Map"
            },
            {
              "function": "exploration_map",
              "destination": "thump989:dark_castle"
            }
          ]
        },
        {
          "type": "item",
          "name": "minecraft:map",
          "weight": 1,
          "functions": [
            {
              "function": "set_name",

              "name": "§r§dBug Tower Explorer Map"
            },
            {
              "function": "exploration_map",
              "destination": "thump989:dark_castle"
            }
          ]
        },
        {
          "type": "item",
          "name": "minecraft:map",
          "weight": 1,
          "functions": [
            {
              "function": "set_name",

              "name": "§r§dGods' Graveyard Explorer Map"
            },
            {
              "function": "exploration_map",
              "destination": "thump989:dark_castle"
            }
          ]
        },
        {
          "type": "item",
          "name": "minecraft:amethyst_shard",
          "weight": 1
        },
        {
          "type": "item",
          "name": "minecraft:emerald",
          "weight": 2,
          "functions": [
            {
              "function": "set_count",

              "count": {
                "min": 1,
                "max": 4
              }
            }
          ]
        },
        {
          "type": "item",
          "name": "minecraft:egg",
          "weight": 2,
          "functions": [
            {
              "function": "set_count",

              "count": {
                "min": 2,
                "max": 5
              }
            }
          ]
        },
        {
          "type": "item",
          "name": "minecraft:skull",
          "weight": 1
        },
        {
          "type": "item",
          "name": "minecraft:paper",
          "weight": 4,
          "functions": [
            {
              "function": "set_count",

              "count": {
                "min": 6,
                "max": 16
              }
            }
          ]
        },
        {
          "type": "item",
          "name": "minecraft:wayfinder_armor_trim_smithing_template",
          "weight": 1
        },
        {
          "type": "item",
          "name": "minecraft:shaper_armor_trim_smithing_template",
          "weight": 1
        },
        {
          "type": "item",
          "name": "minecraft:raiser_armor_trim_smithing_template",
          "weight": 1
        },
        {
          "type": "item",
          "name": "minecraft:host_armor_trim_smithing_template",
          "weight": 1
        }
      ]
    }
  ]
}
