{
  "format_version": "1.21.90",
  "minecraft:item": {
    "description": {
      "identifier": "thump989:shadow_chime",
      "menu_category": {
        "category": "equipment"
      }
    },
    "components": {
      "thump989:shadow_time": {},
      "thump989:deny_melee_damage": {},
      "minecraft:durability": {
        "damage_chance": {
          "min": 10,
          "max": 50
        },
        "max_durability": 500
      },
      "minecraft:enchantable": {
        "slot": "elytra",
        "value": 25
      },
      "minecraft:cooldown": {
        "category": "shadow_chime",
        "duration": 0.5
      },
      "minecraft:use_modifiers": {
        "movement_modifier": 1,
        "use_duration": 0
      },
      "minecraft:max_stack_size": 1,
      "minecraft:icon": "shadow_chime",
      "minecraft:rarity": "rare"
    }
  }
}
