{
  "format_version": "1.21.90",
  "minecraft:item": {
    "description": {
      "identifier": "thump989:stormsower_trident",
      "menu_category": {
        "category": "equipment"
      }
    },
    "components": {
      "minecraft:max_stack_size": 1,
      "minecraft:icon": "stormsower_trident",
      "minecraft:rarity": "epic",
      "thump989:deny_melee_damage": {},
      "minecraft:damage": 10,
      "minecraft:can_destroy_in_creative": false,
      "minecraft:durability": {
        "max_durability": 50
      },
      "minecraft:use_modifiers": {
        "movement_modifier": 0.5,
        "use_duration": 0.75
      },
      "minecraft:cooldown": {
        "category": "thundertrident",
        "duration": 0.1
      },
      "minecraft:use_animation": {
        "value": "spear"
      },
      "minecraft:enchantable": {
        "slot": "sword",
        "value": 250
      },
      "thump989:storm_trident": {
        "projectile_entity": "thump989:magic_trident",
        "projectile_count": 1,
        "projectile_speed": 4,
        "uncertainty": 0,
        "shoot_sound": "item.trident.throw",
        "sound_volume": 1,
        "sound_pitch": 1,
        "projectile_entity_charged": "thump989:thunder_orb",
        "charged_shoot_sound": "item.trident.throw",
        "charged_sound_volume": 1,
        "charged_sound_pitch": 1
      }
    }
  }
}
