{
  "format_version": "1.16.100",
  "minecraft:entity": {
    "description": {
      "identifier": "thump989:astral_crate",
      "is_spawnable": false,
      "is_summonable": true,
      "is_experimental": false
    },
    "components": {
      "minecraft:physics": {
        "has_gravity": true,
        "has_collision": true
      },
      "minecraft:knockback_resistance": {
        "value": 1,
        "max": 1
      },
      "minecraft:health": {
        "value": 1,
        "max": 1
      },
      "minecraft:loot": {
        "table": "loot_tables/entity/astral_minister.json"
      },
      "minecraft:experience_reward": {
        "on_death": 800
      },
      "minecraft:pushable": {
        "is_pushable": false
      },
      "minecraft:push_through": {
        "value": 1
      }
    }
  }
}
