{
  "format_version": "1.21.90",
  "minecraft:entity": {
    "description": {
      "identifier": "thump989:black_hole",
      "is_spawnable": false,
      "is_summonable": true,
      "is_experimental": false,
      "properties": {
        "thump989:suction": {
          "client_sync": true,
          "default": false,
          "type": "bool"
        }
      },
      "animations": {
        "suction": "animation.black_hole.suction"
      },
      "scripts": {
        "animate": [
          {
            "suction": "q.property('thump989:suction')==true"
          }
        ]
      }
    },
    "components": {
      "minecraft:knockback_resistance": {
        "value": 1,
        "max": 1
      },
      "minecraft:cannot_be_attacked": {},
      "minecraft:type_family": {
        "family": ["monster"]
      },
      "minecraft:scale": {
        "value": 2
      },
      "minecraft:damage_sensor": {
        "triggers": [
          {
            "cause": "all",
            "deals_damage": "no"
          }
        ]
      },
      "minecraft:physics": {
        "has_gravity": false,
        "has_collision": false
      },
      "minecraft:collision_box": {
        "height": 0,
        "width": 0
      },
      "minecraft:pushable": {
        "is_pushable": false
      },
      "minecraft:push_through": {
        "value": 1
      },
      "minecraft:timer": {
        "time": 2.1,
        "looping": true,
        "time_down_event": {
          "event": "thump989:suction_start",
          "target": "self"
        }
      }
    },
    "component_groups": {
      "self:instant_despawn": {
        "minecraft:instant_despawn": {
          "remove_child_entities": false
        }
      },
      "self:despawn_timer": {
        "minecraft:timer": {
          "time": 2.1,
          "looping": true,
          "time_down_event": {
            "event": "thump989:instant_despawn",
            "target": "self"
          }
        }
      },
      "self:active": {
        "minecraft:timer": {
          "time": 11,
          "looping": true,
          "time_down_event": {
            "event": "thump989:suction_end",
            "target": "self"
          }
        }
      }
    },
    "events": {
      "thump989:instant_despawn": {
        "add": {
          "component_groups": ["self:instant_despawn"]
        }
      },
      "thump989:suction_end": {
        "remove": {
          "component_groups": ["self:active"]
        },
        "set_property": {
          "thump989:suction": false
        },
        "add": {
          "component_groups": ["self:despawn_timer"]
        }
      },
      "thump989:suction_start": {
        "set_property": {
          "thump989:suction": true
        },
        "add": {
          "component_groups": ["self:active"]
        }
      }
    }
  }
}
