{
  "format_version": "1.21.90",
  "minecraft:item": {
    "description": {
      "identifier": "thump989:arcane_tome",
      "menu_category": {
        "category": "equipment"
      }
    },
    "components": {
      "minecraft:max_stack_size": 1,
      "minecraft:icon": "arcane_tome",
      "minecraft:rarity": "uncommon",
      "minecraft:durability": {
        "max_durability": 500,
        "damage_chance": {
          "min": 0,
          "max": 100
        }
      },
      "minecraft:use_modifiers": {
        "movement_modifier": 1,
        "use_duration": 0.05
      },
      "minecraft:enchantable": {
        "slot": "bow",
        "value": 25
      },
      "thump989:projectile_generic_durability": {
        "projectile_entity": "thump989:arcane_bullet",
        "projectile_count": 1,
        "projectile_speed": 2,
        "uncertainty": 5,
        "shoot_sound": "beacon.power",
        "sound_volume": 0.1,
        "sound_pitch": 2
      },
      "thump989:deny_melee_damage": {}
    }
  }
}
