{
  "format_version": "1.21.90",
  "minecraft:item": {
    "description": {
      "identifier": "thump989:extinction_tome_dx",
      "menu_category": {
        "category": "equipment"
      }
    },
    "components": {
      "minecraft:max_stack_size": 1,
      "minecraft:icon": "extinction_tome_dx",
      "minecraft:glint": true,
      "minecraft:rarity": "rare",
      "minecraft:use_modifiers": {
        "movement_modifier": 1,
        "use_duration": 0
      },
      "minecraft:durability": {
        "max_durability": 5000,
        "damage_chance": {
          "min": 0,
          "max": 100
        }
      },
      "minecraft:enchantable": {
        "slot": "bow",
        "value": 25
      },
      "minecraft:cooldown": {
        "category": "extinct_tome_dx",
        "duration": 0.75
      },
      "thump989:projectile_generic_durability": {
        "projectile_entity": "thump989:player_dangerous_skull",
        "projectile_count": 1,
        "projectile_speed": 2,
        "uncertainty": 0,
        "shoot_sound": "mob.wither.shoot",
        "sound_volume": 0.1,
        "sound_pitch": 1
      },
      "thump989:deny_melee_damage": {}
    }
  }
}
