{
  "format_version": "1.21.90",
  "minecraft:item": {
    "description": {
      "identifier": "thump989:lifeweaver_tome_dx",
      "menu_category": {
        "category": "equipment"
      }
    },
    "components": {
      "minecraft:max_stack_size": 1,
      "minecraft:icon": "lifeweaver_tome_dx",
      "minecraft:rarity": "rare",
      "minecraft:glint": true,
      "minecraft:durability": {
        "max_durability": 500,
        "damage_chance": {
          "min": 100,
          "max": 100
        }
      },
      "minecraft:enchantable": {
        "slot": "elytra",
        "value": 25
      },
      "minecraft:cooldown": {
        "category": "lifeweaver_tome",
        "duration": 40
      },
      "thump989:life_tome_dx": {},
      "thump989:deny_melee_damage": {}
    }
  }
}
