{
  "format_version": "1.21.90",
  "minecraft:item": {
    "description": {
      "identifier": "thump989:stellar_tempest_tome",
      "menu_category": {
        "category": "equipment"
      }
    },
    "components": {
      "minecraft:max_stack_size": 1,
      "minecraft:icon": "solarflare_tome",
      "minecraft:rarity": "epic",
      "minecraft:durability": {
        "max_durability": 5000,
        "damage_chance": {
          "min": 0,
          "max": 100
        }
      },
      "minecraft:use_modifiers": {
        "movement_modifier": 1,
        "use_duration": 0.05
      },
      "thump989:stellar_tempest_tome": {},
      "thump989:deny_melee_damage": {}
    }
  }
}
