{
  "format_version": "1.21.90",
  "minecraft:item": {
    "description": {
      "identifier": "thump989:teleportation_tome",
      "menu_category": {
        "category": "equipment"
      }
    },
    "components": {
      "minecraft:max_stack_size": 1,
      "minecraft:icon": "teleportation_tome",
      "minecraft:rarity": "uncommon",
      "minecraft:durability": {
        "max_durability": 50,
        "damage_chance": {
          "min": 100,
          "max": 100
        }
      },
      "minecraft:enchantable": {
        "slot": "elytra",
        "value": 25
      },
      "minecraft:cooldown": {
        "category": "teleport_tome",
        "duration": 30
      },
      "thump989:teleport_tome": {},
      "thump989:deny_melee_damage": {}
    }
  }
}
