{
  "format_version": "1.21.90",
  "minecraft:item": {
    "description": {
      "identifier": "thump989:toxic_dartstorm_tome",
      "menu_category": {
        "category": "equipment"
      }
    },
    "components": {
      "minecraft:max_stack_size": 1,
      "minecraft:icon": "toxic_dartstorm_tome",
      "minecraft:rarity": "rare",
      "minecraft:durability": {
        "max_durability": 1000,
        "damage_chance": {
          "min": 100,
          "max": 100
        }
      },
      "minecraft:enchantable": {
        "slot": "bow",
        "value": 25
      },
      "minecraft:cooldown": {
        "category": "toxic_dart",
        "duration": 0.65
      },
      "minecraft:use_modifiers": {
        "movement_modifier": 1,
        "use_duration": 0.05
      },
      "thump989:projectile_shotgun": {
        "projectile_entity": "thump989:toxic_dart",
        "projectile_count": 7,
        "projectile_speed": 2,
        "uncertainty": 10,
        "shoot_sound": "random.bow",
        "sound_volume": 0.5,
        "sound_pitch": 1
      },
      "thump989:deny_melee_damage": {}
    }
  }
}
