{
  "format_version": "1.16.100",
  "minecraft:entity": {
    "description": {
      "identifier": "thump989:clam",
      "is_spawnable": true,
      "is_summonable": true,
      "is_experimental": false
    },
    "components": {
      "minecraft:physics": {
        "has_gravity": true,
        "has_collision": true
      },
      "minecraft:loot": {
        "table": "loot_tables/entity/clam_pearl.json"
      },
      "minecraft:experience_reward": {
        "on_death": "q.last_hit_by_player ? 1 : 0"
      },
      "minecraft:pushable": {
        "is_pushable": true
      },
      "minecraft:push_through": {
        "value": 1
      },
      "minecraft:collision_box": {
        "height": 0.3,
        "width": 0.2
      },
      "minecraft:movement": {
        "value": 0.05
      },
      "minecraft:underwater_movement": {
        "value": 0.05
      },
      "minecraft:movement.amphibious": {
        "max_turn": 30
      },
      "minecraft:navigation.generic": {
        "is_amphibious": true,
        "can_path_over_water": true,
        "can_swim": true,
        "can_walk": true,
        "can_sink": true,
        "avoid_damage_blocks": true
      },
      "minecraft:jump.static": {
        "jump_power": 0.42
      },
      "minecraft:nameable": {
        "allow_name_tag_renaming": true,
        "always_show": false
      },
      "minecraft:health": {
        "value": 5
      },
      "minecraft:despawn": {
        "despawn_from_distance": {}
      },
      "minecraft:behavior.random_swim": {
        "avoid_surface": true,
        "priority": 0,
        "interval": 120,
        "xz_dist": 10,
        "y_dist": 7
      },
      "minecraft:behavior.random_stroll": {
        "priority": 9,
        "xz_dist": 10,
        "interval": 100
      },
      "minecraft:behavior.swim_idle": {
        "idle_time": 7,
        "priority": 1,
        "success_rate": 0.02
      }
    }
  }
}
