{
  "format_version": "1.16.100",
  "minecraft:entity": {
    "description": {
      "identifier": "thump989:shooting_star",
      "is_spawnable": true,
      "is_summonable": true,
      "is_experimental": false
    },
    "components": {
      "minecraft:physics": {
        "has_gravity": true,
        "has_collision": true
      },
      "minecraft:pushable": {
        "is_pushable": false
      },
      "minecraft:health": {
        "value": 1,
        "max": 1,
        "min": 1
      },
      "minecraft:collision_box": {
        "height": 1,
        "width": 1
      },
      "minecraft:spell_effects": {
        "add_effects": [
          {
            "visible": false,
            "amplifier": 0,
            "duration": "infinite",
            "effect": "slow_falling"
          }
        ]
      },
      "minecraft:cannot_be_attacked": {},
      "minecraft:dimension_bound": {},
      "minecraft:environment_sensor": {
        "triggers": [
          {
            "event": "thump989:star_explode",
            "target": "self",
            "filters": {
              "test": "on_ground",
              "subject": "self"
            }
          }
        ]
      },
      "minecraft:push_through": {
        "value": 1
      }
    },
    "component_groups": {
      "self:instant_despawn": {
        "minecraft:instant_despawn": {
          "remove_child_entities": false
        }
      }
    },
    "events": {
      "thump989:star_explode": {
        "queue_command": {
          "command": ["function shooting_star"]
        }
      },
      "thump989:instant_despawn": {
        "add": {
          "component_groups": ["self:instant_despawn"]
        }
      }
    }
  }
}
