{
  "format_version": "1.21.90",
  "minecraft:item": {
    "description": {
      "identifier": "thump989:astral_staff",
      "menu_category": {
        "category": "equipment"
      }
    },
    "components": {
      "minecraft:max_stack_size": 1,
      "minecraft:icon": "astral_staff",
      "minecraft:rarity": "epic",
      "thump989:coral_spawn": {},
      "minecraft:use_modifiers": {
        "movement_modifier": 1,
        "use_duration": 0
      },
      "minecraft:cooldown": {
        "category": "astral_staff",
        "duration": 25
      },
      "minecraft:damage": 10,
      "minecraft:can_destroy_in_creative": false,
      "minecraft:hand_equipped": true
    }
  }
}
