{
  "format_version": "1.21.90",
  "minecraft:item": {
    "description": {
      "identifier": "thump989:astral_mace",
      "menu_category": {
        "category": "equipment"
      }
    },
    "components": {
      "minecraft:max_stack_size": 1,
      "minecraft:icon": "astral_mace",
      "thump989:astral_mace": {},
      "minecraft:damage": 11,
      "minecraft:rarity": "epic",
      "minecraft:can_destroy_in_creative": false,
      "minecraft:hand_equipped": true,
      "minecraft:enchantable": {
        "slot": "sword",
        "value": 75
      },
      "minecraft:durability": {
        "max_durability": 5000
      },
      "minecraft:repairable": {
        "repair_items": [
          {
            "items": ["thump989:astral_rod"],
            "repair_amount": 1250
          }
        ]
      }
    }
  }
}
