{
  "format_version": "1.21.90",
  "minecraft:item": {
    "description": {
      "identifier": "thump989:earth_staff",
      "menu_category": {
        "category": "equipment"
      }
    },
    "components": {
      "minecraft:max_stack_size": 1,
      "minecraft:icon": "earth_staff",
      "minecraft:glint": true,
      "minecraft:rarity": "epic",
      "minecraft:cooldown": {
        "category": "earth_staff",
        "duration": 45
      },
      "thump989:earth_staff_use": {},
      "minecraft:damage": 8,
      "minecraft:can_destroy_in_creative": false,
      "minecraft:hand_equipped": true
    }
  }
}
