{
  "format_version": "1.21.90",
  "minecraft:item": {
    "description": {
      "identifier": "thump989:fire_staff",
      "menu_category": {
        "category": "equipment"
      }
    },
    "components": {
      "minecraft:max_stack_size": 1,
      "minecraft:icon": "fire_staff",
      "minecraft:rarity": "epic",
      "minecraft:cooldown": {
        "category": "fire_staff",
        "duration": 1
      },
      "minecraft:use_modifiers": {
        "movement_modifier": 1,
        "use_duration": 0
      },
      "thump989:fire_generic": {},
      "thump989:projectile_generic": {
        "projectile_entity": "thump989:fire_staff_fireball",
        "projectile_count": 1,
        "projectile_speed": 1,
        "uncertainty": 0,
        "shoot_sound": "mob.blaze.shoot",
        "sound_volume": 0.25,
        "sound_pitch": 1
      },
      "minecraft:glint": true,
      "minecraft:damage": 5,
      "minecraft:can_destroy_in_creative": false,
      "minecraft:hand_equipped": true
    }
  }
}
