{
  "format_version": "1.21.90",
  "minecraft:item": {
    "description": {
      "identifier": "thump989:endless_waffle",
      "menu_category": {
        "category": "equipment"
      }
    },
    "components": {
      "minecraft:max_stack_size": 1,
      "minecraft:tags": {
        "tags": ["waffle"]
      },
      "minecraft:rarity": "epic",
      "minecraft:wearable": {
        "slot": "slot.weapon.offhand",
        "protection": 0
      },
      "minecraft:icon": "endless_waffle"
    }
  }
}
