{
  "format_version": "1.21.90",
  "minecraft:item": {
    "description": {
      "identifier": "thump989:runners_baton",
      "menu_category": {
        "category": "equipment"
      }
    },
    "components": {
      "minecraft:max_stack_size": 1,
      "minecraft:icon": "runners_baton",
      "minecraft:tags": {
        "tags": ["runners_baton"]
      },
      "minecraft:rarity": "epic",
      "minecraft:wearable": {
        "slot": "slot.weapon.offhand",
        "protection": 0
      }
    }
  }
}
