{
  "format_version": "1.17.41",
  "minecraft:recipe_shaped": {
    "description": {
      "identifier": "thump989:verdant_focus"
    },
    "tags": ["crafting_table"],
    "pattern": ["PGP", "PDP", "DDD"],
    "key": {
      "D": "minecraft:dark_prismarine",
      "G": "minecraft:emerald",
      "P": "thump989:pure_magic"
    },
    "unlock": [
      {
        "item": "thump989:pure_magic"
      }
    ],
    "result": [
      {
        "item": "thump989:verdant_dimensional_focus",
        "count": 1
      }
    ]
  }
}
