{
  "format_version": "1.17.41",
  "minecraft:recipe_shaped": {
    "description": {
      "identifier": "thump989:waterfocus"
    },
    "tags": ["mystic_workbench"],
    "pattern": ["GSG", "PDP", "DDD"],
    "key": {
      "D": "minecraft:obsidian",
      "G": "thump989:water_gem",
      "P": "thump989:pure_magic",
      "S": "thump989:cosmic_star"
    },
    "unlock": [
      {
        "item": "thump989:cosmic_star"
      }
    ],
    "result": [
      {
        "item": "thump989:water_universal_focus",
        "count": 1
      }
    ]
  }
}
