{
  "format_version": "1.16.100",
  "minecraft:entity": {
    "description": {
      "identifier": "thump989:flaming_polterball",
      "is_spawnable": false,
      "is_summonable": true,
      "is_experimental": false,
      "runtime_identifier": "minecraft:shulker_bullet"
    },
    "components": {
      "minecraft:collision_box": {
        "width": 0.625,
        "height": 0.625
      },
      "minecraft:conditional_bandwidth_optimization": {
        "default_values": {
          "max_optimized_distance": 80.0,
          "max_dropped_ticks": 7,
          "use_motion_prediction_hints": true
        }
      },
      "minecraft:transient": {},
      "minecraft:physics": {
        "has_gravity": true,
        "has_collision": true
      },
      "minecraft:projectile": {
        "anchor": 1,
        "on_fire_time": 10,
        "catch_fire": true,
        "homing": true,
        "gravity": 0,
        "knockback": true,
        "destroy_on_hurt": true,
        "crit_particle_on_hurt": true,
        "on_hit": {
          "impact_damage": {
            "damage": 12,
            "destroy_on_hit": true,
            "destroy_on_hit_requires_damage": true,
            "knockback": true
          },
          "ignite": true,
          "remove_on_hit": {}
        }
      },
      "minecraft:pushable": {
        "is_pushable": false
      },
      "minecraft:push_through": {
        "value": 1
      }
    }
  }
}
