{
  "format_version": "1.21.70",
  "minecraft:entity": {
    "description": {
      "identifier": "thump989:mimic",
      "is_spawnable": true,
      "is_summonable": true,
      "is_experimental": false,
      "properties": {
        "thump989:mimic_active": {
          "client_sync": true,
          "default": 0,
          "type": "int",
          "range": [0, 2]
        }
      }
    },
    "components": {
      "minecraft:equipment": {
        "table": "loot_tables/spawn_equipment/faux_armour.json",
        "slot_drop_chance": [
          {
            "drop_chance": 0,
            "slot": "slot.armor.chest"
          }
        ]
      },
      "minecraft:renders_when_invisible": {},
      "minecraft:spell_effects": {
        "add_effects": [
          {
            "duration": "infinite",
            "effect": "invisibility",
            "visible": false
          }
        ]
      },
      "minecraft:experience_reward": {
        "on_death": 35
      },
      "minecraft:loot": {
        "table": "loot_tables/entity/mimic.json"
      },
      "minecraft:physics": {
        "has_gravity": true,
        "has_collision": true
      },
      "minecraft:type_family": {
        "family": ["mob"]
      },
      "minecraft:collision_box": {
        "height": 0.9,
        "width": 0.9
      },
      "minecraft:health": {
        "value": 40,
        "max": 40
      },
      "minecraft:is_collidable": {},
      "minecraft:pushable": {
        "is_pushable": false
      },
      "minecraft:push_through": {
        "value": 1
      }
    },
    "component_groups": {
      "self:mobile": {
        "minecraft:type_family": {
          "family": ["mob", "monster"]
        },
        "minecraft:attack": {
          "damage": 12
        },
        "minecraft:movement": {
          "value": 0.2,
          "max": 0.2
        },
        "minecraft:navigation.generic": {},
        "minecraft:movement.basic": {
          "max_turn": 30
        },
        "minecraft:jump.static": {
          "jump_power": 0.42
        },
        "minecraft:behavior.melee_attack": {
          "melee_fov": 90,
          "track_target": false,
          "can_spread_on_fire": true,
          "reach_multiplier": 2,
          "attack_once": false,
          "require_complete_path": false,
          "cooldown_time": 1
        },
        "minecraft:behavior.nearest_attackable_target": {
          "scan_interval": 10,
          "entity_types": [
            {
              "filters": [
                {
                  "any_of": [
                    {
                      "test": "is_family",
                      "subject": "other",
                      "value": "player"
                    },
                    {
                      "test": "is_family",
                      "subject": "other",
                      "value": "wolf"
                    },
                    {
                      "test": "is_family",
                      "subject": "other",
                      "value": "irongolem"
                    }
                  ]
                }
              ]
            }
          ]
        }
      },
      "self:roar": {
        "minecraft:behavior.knockback_roar": {
          "attack_time": 0.15,
          "cooldown_time": 0,
          "duration": 2.1,
          "knockback_damage": 15,
          "knockback_horizontal_strength": 4,
          "knockback_range": 4,
          "knockback_vertical_strength": 4,
          "on_roar_end": {
            "event": "thump989:roar_end",
            "target": "self"
          },
          "priority": 0
        }
      },
      "self:detect": {
        "minecraft:damage_sensor": {
          "triggers": [
            {
              "on_damage": {
                "event": "thump989:mimic_damage_activate"
              },
              "deals_damage": "yes"
            }
          ]
        },
        "minecraft:interact": {
          "interactions": [
            {
              "on_interact": {
                "target": "self",
                "event": "thump989:mimic_activate_interact"
              }
            }
          ]
        },
        "minecraft:body_rotation_axis_aligned": {},
        "minecraft:body_rotation_blocked": {},
        "minecraft:knockback_resistance": {
          "value": 1,
          "max": 1
        }
      }
    },
    "events": {
      "minecraft:entity_spawned": {
        "add": {
          "component_groups": ["self:detect"]
        }
      },
      "thump989:mimic_damage_activate": {
        "remove": {
          "component_groups": ["self:detect"]
        },
        "add": {
          "component_groups": ["self:mobile"]
        },
        "set_property": {
          "thump989:mimic_active": 2
        }
      },
      "thump989:mimic_activate_interact": {
        "remove": {
          "component_groups": ["self:detect"]
        },
        "add": {
          "component_groups": ["self:roar"]
        },
        "set_property": {
          "thump989:mimic_active": 1
        }
      },
      "thump989:roar_end": {
        "remove": {
          "component_groups": ["self:roar"]
        },
        "add": {
          "component_groups": ["self:mobile"]
        },
        "set_property": {
          "thump989:mimic_active": 2
        }
      }
    }
  }
}
