{
  "format_version": "1.16.100",
  "minecraft:entity": {
    "description": {
      "identifier": "thump989:polterabra",
      "is_spawnable": true,
      "is_summonable": true,
      "is_experimental": false
    },
    "components": {
      "minecraft:physics": {
        "has_gravity": true,
        "has_collision": true
      },
      "minecraft:loot": {
        "table": "loot_tables/entity/polterabra.json"
      },
      "minecraft:shooter": {
        "def": "thump989:flaming_polterball"
      },
      "minecraft:behavior.ranged_attack": {
        "attack_radius": 20,
        "attack_interval": 2.5
      },
      "minecraft:behavior.nearest_attackable_target": {
        "scan_interval": 10,
        "must_see": true,
        "entity_types": [
          {
            "filters": [
              {
                "any_of": [
                  {
                    "test": "is_family",
                    "subject": "other",
                    "value": "player"
                  },
                  {
                    "test": "is_family",
                    "subject": "other",
                    "value": "irongolem"
                  },
                  {
                    "test": "is_family",
                    "subject": "other",
                    "value": "wolf"
                  }
                ]
              }
            ],
            "max_dist": 32
          }
        ]
      },
      "minecraft:follow_range": {
        "value": 32,
        "max": 32
      },
      "minecraft:health": {
        "value": 35,
        "max": 35
      },
      "minecraft:experience_reward": {
        "on_death": 15
      },
      "minecraft:type_family": {
        "family": ["mob", "monster", "polterabra"]
      },
      "minecraft:knockback_resistance": {
        "value": 1,
        "max": 1
      },
      "minecraft:pushable": {
        "is_pushable": false
      },
      "minecraft:push_through": {
        "value": 1
      },
      "minecraft:movement": {
        "value": 0
      },
      "minecraft:body_rotation_blocked": {},
      "minecraft:movement.basic": {},
      "minecraft:jump.static": {},
      "minecraft:navigation.walk": {
        "avoid_water": true
      }
    }
  }
}
