{
  "format_version": "1.21.70",
  "minecraft:entity": {
    "description": {
      "identifier": "thump989:phantore_evil_skull",
      "is_spawnable": false,
      "is_summonable": true,
      "is_experimental": false,
      "runtime_identifier": "minecraft:snowball"
    },
    "components": {
      "minecraft:physics": {
        "has_gravity": true,
        "has_collision": true
      },
      "minecraft:type_family": {
        "family": ["monster"]
      },
      "minecraft:cannot_be_attacked": {},
      "minecraft:pushable": {
        "is_pushable": false
      },
      "minecraft:push_through": {
        "value": 1
      },
      "minecraft:environment_sensor": {
        "triggers": [
          {
            "event": "thump989:instant_despawn",
            "target": "self",
            "filters": {
              "test": "on_ground"
            }
          }
        ]
      },
      "minecraft:projectile": {
        "gravity": 0,
        "inertia": 1,
        "anchor": 1,
        "liquid_inertia": 1,
        "on_fire_time": 10,
        "catch_fire": true,
        "multiple_targets": true,
        "ignored_entities": ["minecraft:zombie"],
        "on_hit": {
          "stick_in_ground": {},
          "impact_damage": {
            "damage": 25,
            "knockback": true,
            "destroy_on_hit": false
          }
        }
      },
      "minecraft:transient": {}
    },
    "component_groups": {
      "self:instant_despawn":{
        "minecraft:instant_despawn": {
          "remove_child_entities": false
        }
      }
    },
    "events": {
      "thump989:instant_despawn":{
        "add": {
          "component_groups": [
            "self:instant_despawn"
          ]
        }
      }
    }
  }
}
