{
  "format_version": "1.21.70",
  "minecraft:entity": {
    "description": {
      "identifier": "thump989:phantore_phase_1",
      "is_spawnable": true,
      "is_summonable": true,
      "is_experimental": false,
      "runtime_identifier": "minecraft:zombie",
      "properties": {
        "thump989:shadowfire_timer": {
          "client_sync": true,
          "default": 31,
          "range": [0, 31],
          "type": "int"
        },
        "thump989:alive": {
          "client_sync": true,
          "default": true,
          "type": "bool"
        },
        "thump989:phantore_power": {
          "client_sync": true,
          "default": 0,
          "range": [0, 30],
          "type": "int"
        },
        "thump989:xp_blast_amount": {
          "client_sync": true,
          "default": 0.0,
          "range": [0.0, 50.0],
          "type": "float"
        },
        "thump989:phantore_attack_state": {
          "client_sync": true,
          "default": "none",
          "type": "enum",
          "values": [
            "none",
            "summon",
            "shadowfire",
            "xp_timer",
            "xp_bomb",
            "skullshot",
            "skullshot_2",
            "recover"
          ]
        }
      },
      "animations": {
        "shadowfire_timer": "animation.phantore.timer_tick",
        "skullattack_1": "animation.phantore.skullshoot_1",
        "skullattack_2": "animation.phantore.skullshoot_2",
        "xp_siphon": "animation.phantore.xp_siphon",
        "xp_suction": "animation.phantore.xp_suction",
        "skullshot_controller": "controller.animation.phantore_attacks",
        "nightlock": "animation.phantore.nightlock"
      },
      "scripts": {
        "animate": [
          {
            "shadowfire_timer": "q.property('thump989:alive')==true"
          },
          {
            "nightlock": "q.property('thump989:alive')==true"
          },
          {
            "skullshot_controller": "q.property('thump989:alive')==true"
          },
          {
            "xp_siphon": "q.property('thump989:phantore_attack_state')=='xp_bomb' && q.property('thump989:alive')==true"
          },
          {
            "xp_suction": "q.property('thump989:phantore_attack_state')=='xp_bomb' && q.property('thump989:alive')==true"
          }
        ]
      }
    },
    "components": {
      "minecraft:equipment": {
        "table": "loot_tables/spawn_equipment/faux_armour_10.json",
        "slot_drop_chance": [
          {
            "drop_chance": 0,
            "slot": "slot.armor.chest"
          }
        ]
      },
      "minecraft:tick_world": {
        "never_despawn": true,
        "radius": 2
      },
      "minecraft:dimension_bound": {},
      "minecraft:physics": {
        "has_gravity": true,
        "has_collision": true
      },
      "minecraft:boss": {
        "hud_range": 55,
        "name": "§l§vPhantore",
        "should_darken_sky": true
      },
      "minecraft:health": {
        "value": 3000,
        "max": 3000,
        "min": 1
      },
      "minecraft:environment_sensor": {
        "triggers": [
          {
            "event": "thump989:phantore_phase1_defeat",
            "target": "self",
            "filters": {
              "test": "actor_health",
              "value": 1,
              "subject": "self",
              "operator": "<="
            }
          }
        ]
      },
      "minecraft:type_family": {
        "family": ["mob", "monster", "boss", "undead", "phantore"]
      },
      "minecraft:knockback_resistance": {
        "value": 1,
        "max": 1
      },
      "minecraft:damage_sensor": {
        "triggers": [
          {
            "on_damage": {
              "filters": {
                "test": "is_family",
                "subject": "other",
                "value": "monster"
              }
            },
            "deals_damage": "no"
          }
        ]
      },
      "minecraft:follow_range": {
        "value": 48,
        "max": 48
      },
      "minecraft:pushable": {
        "is_pushable": false
      },
      "minecraft:push_through": {
        "value": 1
      },
      "minecraft:movement": {
        "value": 0.25
      },
      "minecraft:movement.basic": {},
      "minecraft:jump.static": {},
      "minecraft:navigation.walk": {
        "avoid_water": true
      }
    },
    "component_groups": {
      "self:skullcast": {
        "minecraft:movement": {
          "value": 0
        },
        "minecraft:timer": {
          "time": 3,
          "looping": true,
          "time_down_event": {
            "event": "thump989:phantore_skullshot_end",
            "target": "self"
          }
        }
      },
      "self:shadowfire_cast": {
        "minecraft:timer": {
          "time": 4.95,
          "looping": true,
          "time_down_event": {
            "event": "thump989:shadowfire_cast_end",
            "target": "self"
          }
        },
        "minecraft:behavior.summon_entity": {
          "summon_choices": [
            {
              "cast_duration": 4,
              "cooldown_time": 1,
              "do_casting": true,
              "max_activation_range": 48,
              "min_activation_range": 1,
              "particle_color": "#9900ff",
              "weight": 1,
              "sequence": [
                {
                  "base_delay": 2,
                  "entity_lifespan": 45,
                  "delay_per_summon": 0,
                  "entity_type": "thump989:shadowfire",
                  "shape": "circle",
                  "target": "self",
                  "size": 6,
                  "num_entities_spawned": 23
                },
                {
                  "base_delay": 1,
                  "entity_lifespan": 45,
                  "delay_per_summon": 0,
                  "entity_type": "thump989:shadowfire",
                  "shape": "circle",
                  "target": "self",
                  "size": 7,
                  "num_entities_spawned": 27
                },
                {
                  "base_delay": 1,
                  "entity_lifespan": 45,
                  "delay_per_summon": 0,
                  "entity_type": "thump989:shadowfire",
                  "shape": "circle",
                  "target": "self",
                  "size": 8,
                  "num_entities_spawned": 31
                }
              ]
            }
          ]
        },
        "minecraft:behavior.nearest_attackable_target": {
          "scan_interval": 10,
          "must_reach": true,
          "entity_types": [
            {
              "max_dist": 32,
              "filters": [
                {
                  "any_of": [
                    {
                      "test": "is_family",
                      "subject": "other",
                      "value": "player"
                    },
                    {
                      "test": "is_family",
                      "subject": "other",
                      "value": "wolf"
                    },
                    {
                      "test": "is_family",
                      "subject": "other",
                      "value": "irongolem"
                    }
                  ]
                }
              ]
            }
          ]
        }
      },
      "self:skeleton_cast": {
        "minecraft:timer": {
          "time": 5,
          "looping": true,
          "time_down_event": {
            "event": "thump989:phantore_skeleton_cast_end",
            "target": "self"
          }
        },
        "minecraft:behavior.summon_entity": {
          "summon_choices": [
            {
              "cast_duration": 4,
              "cooldown_time": 1,
              "do_casting": true,
              "max_activation_range": 48,
              "min_activation_range": 1,
              "particle_color": "#00e1ff",
              "weight": 1,
              "sequence": [
                {
                  "base_delay": 3,
                  "entity_lifespan": -1,
                  "delay_per_summon": 0,
                  "entity_type": "minecraft:lightning_bolt",
                  "shape": "circle",
                  "target": "self",
                  "size": 4,
                  "num_entities_spawned": 4
                },
                {
                  "base_delay": 0.05,
                  "entity_lifespan": -1,
                  "delay_per_summon": 0,
                  "entity_type": "thump989:elite_skeleton",
                  "shape": "circle",
                  "target": "self",
                  "size": 4,
                  "num_entities_spawned": 4
                }
              ]
            }
          ]
        },
        "minecraft:behavior.nearest_attackable_target": {
          "scan_interval": 10,
          "must_reach": true,
          "entity_types": [
            {
              "max_dist": 32,
              "filters": [
                {
                  "any_of": [
                    {
                      "test": "is_family",
                      "subject": "other",
                      "value": "player"
                    },
                    {
                      "test": "is_family",
                      "subject": "other",
                      "value": "wolf"
                    },
                    {
                      "test": "is_family",
                      "subject": "other",
                      "value": "irongolem"
                    }
                  ]
                }
              ]
            }
          ]
        }
      },
      "self:hands_cast": {
        "minecraft:timer": {
          "time": 7,
          "looping": true,
          "time_down_event": {
            "event": "thump989:phantore_hands_cast_end",
            "target": "self"
          }
        },
        "minecraft:behavior.summon_entity": {
          "summon_choices": [
            {
              "cast_duration": 6,
              "cooldown_time": 1,
              "do_casting": true,
              "max_activation_range": 48,
              "min_activation_range": 1,
              "particle_color": "#ff0000",
              "weight": 1,
              "sequence": [
                {
                  "base_delay": 3,
                  "entity_lifespan": 30,
                  "delay_per_summon": 0,
                  "entity_type": "thump989:underworld_hands",
                  "shape": "circle",
                  "target": "self",
                  "size": 4,
                  "num_entities_spawned": 4
                },
                {
                  "base_delay": 2,
                  "entity_lifespan": 30,
                  "delay_per_summon": 0,
                  "entity_type": "thump989:underworld_hands",
                  "shape": "circle",
                  "target": "self",
                  "size": 8,
                  "num_entities_spawned": 6
                }
              ]
            },
            {
              "cast_duration": 6,
              "cooldown_time": 1,
              "do_casting": true,
              "max_activation_range": 48,
              "min_activation_range": 1,
              "particle_color": "#1e682e",
              "weight": 1,
              "sequence": [
                {
                  "base_delay": 3,
                  "entity_lifespan": 240,
                  "delay_per_summon": 0,
                  "summon_cap": 5,
                  "summon_cap_radius": 35,
                  "entity_type": "thump989:mystic_zombie",
                  "shape": "circle",
                  "target": "self",
                  "size": 6,
                  "num_entities_spawned": 5
                }
              ]
            },
            {
              "cast_duration": 6,
              "cooldown_time": 1,
              "do_casting": true,
              "max_activation_range": 48,
              "min_activation_range": 1,
              "particle_color": "#695392",
              "weight": 1,
              "sequence": [
                {
                  "base_delay": 3,
                  "entity_lifespan": 240,
                  "delay_per_summon": 0,
                  "summon_cap": 2,
                  "summon_cap_radius": 35,
                  "entity_type": "thump989:sinister_witch",
                  "shape": "circle",
                  "target": "self",
                  "size": 6,
                  "num_entities_spawned": 2
                }
              ]
            }
          ]
        },
        "minecraft:behavior.nearest_attackable_target": {
          "scan_interval": 10,
          "must_reach": true,
          "entity_types": [
            {
              "max_dist": 32,
              "filters": [
                {
                  "any_of": [
                    {
                      "test": "is_family",
                      "subject": "other",
                      "value": "player"
                    },
                    {
                      "test": "is_family",
                      "subject": "other",
                      "value": "wolf"
                    },
                    {
                      "test": "is_family",
                      "subject": "other",
                      "value": "irongolem"
                    }
                  ]
                }
              ]
            }
          ]
        }
      },
      "self:xp_bomb_timer": {
        "minecraft:timer": {
          "time": 2,
          "looping": true,
          "time_down_event": {
            "event": "thump989:phantore_xp_bomb",
            "target": "self"
          }
        }
      },
      "self:xp_bomb": {
        "minecraft:timer": {
          "time": 11.75,
          "looping": true,
          "time_down_event": {
            "event": "thump989:xp_bomb_detonate",
            "target": "self"
          }
        }
      },
      "self:xp_bomb_recover": {
        "minecraft:behavior.nearest_attackable_target": {
          "scan_interval": 10,
          "must_reach": true,
          "entity_types": [
            {
              "max_dist": 32,
              "filters": [
                {
                  "any_of": [
                    {
                      "test": "is_family",
                      "subject": "other",
                      "value": "player"
                    },
                    {
                      "test": "is_family",
                      "subject": "other",
                      "value": "wolf"
                    },
                    {
                      "test": "is_family",
                      "subject": "other",
                      "value": "irongolem"
                    }
                  ]
                }
              ]
            }
          ]
        },
        "minecraft:behavior.melee_attack": {
          "speed_multiplier": 0,
          "cooldown_time": 1,
          "reach_multiplier": 0
        },
        "minecraft:attack": {
          "damage": 1
        },
        "minecraft:timer": {
          "time": 5,
          "looping": true,
          "time_down_event": {
            "event": "thump989:phantore_attack_select",
            "target": "self"
          }
        }
      },
      "self:attack_prepare": {
        "minecraft:behavior.nearest_attackable_target": {
          "scan_interval": 10,
          "must_reach": true,
          "entity_types": [
            {
              "max_dist": 32,
              "filters": [
                {
                  "any_of": [
                    {
                      "test": "is_family",
                      "subject": "other",
                      "value": "player"
                    },
                    {
                      "test": "is_family",
                      "subject": "other",
                      "value": "wolf"
                    },
                    {
                      "test": "is_family",
                      "subject": "other",
                      "value": "irongolem"
                    }
                  ]
                }
              ]
            }
          ]
        },
        "minecraft:behavior.melee_attack": {
          "speed_multiplier": 0,
          "cooldown_time": 1,
          "reach_multiplier": 0
        },
        "minecraft:attack": {
          "damage": 1
        },
        "minecraft:timer": {
          "time": 1,
          "looping": true,
          "time_down_event": {
            "event": "thump989:phantore_attack_select",
            "target": "self"
          }
        }
      },
      "self:defeated": {
        "minecraft:transformation": {
          "begin_transform_sound": "example",
          "drop_equipment": false,
          "drop_inventory": false,
          "transformation_sound": "cast.spell",
          "into": "thump989:phantore_phase_2",
          "keep_level": false,
          "keep_owner": false,
          "delay": 4
        },
        "minecraft:mob_effect_immunity": {
          "mob_effects": [
            "absorption",
            "bad_omen",
            "blindness",
            "conduit_power",
            "darkness",
            "fatal_poison",
            "fire_resistance",
            "haste",
            "health_boost",
            "hunger",
            "infested",
            "instant_damage",
            "instant_health",
            "invisibility",
            "jump_boost",
            "levitation",
            "mining_fatigue",
            "nausea",
            "night_vision",
            "oozing",
            "poison",
            "raid_omen",
            "regeneration",
            "resistance",
            "saturation",
            "slow_falling",
            "slowness",
            "speed",
            "strength",
            "trial_omen",
            "village_hero",
            "water_breathing",
            "weakness",
            "weaving",
            "wind_charged",
            "wither"
          ]
        },
        "minecraft:environment_sensor": {},
        "minecraft:damage_sensor": {
          "triggers": [
            {
              "cause": "all",
              "deals_damage": "no"
            }
          ]
        },
        "minecraft:boss": {
          "hud_range": 0,
          "name": "a",
          "should_darken_sky": false
        }
      },
      "self:instant_despawn": {
        "minecraft:instant_despawn": {
          "remove_child_entities": false
        }
      }
    },
    "events": {
      "thump989:phantore_phase1_defeat": {
        "set_property": {
          "thump989:alive": false
        },
        "remove": {
          "component_groups": [
            "self:skullcast",
            "self:attack_prepare",
            "self:shadowfire_cast",
            "self:skeleton_cast",
            "self:hands_cast",
            "self:xp_bomb_timer",
            "self:xp_bomb",
            "self:xp_bomb_recover"
          ]
        },
        "add": {
          "component_groups": ["self:defeated"]
        }
      },
      "thump989:phantore_skullhot_start": {
        "set_property": {
          "thump989:phantore_attack_state": "math.random_integer(0,1)==1 ? 'skullshot' : 'skullshot_2'"
        },
        "add": {
          "component_groups": ["self:skullcast"]
        }
      },
      "thump989:phantore_skullshot_end": {
        "set_property": {
          "thump989:phantore_attack_state": "none",
          "thump989:phantore_power": "q.property('thump989:phantore_power')+1"
        },
        "remove": {
          "component_groups": ["self:skullcast"]
        },
        "add": {
          "component_groups": ["self:attack_prepare"]
        }
      },
      "thump989:shadowfire_cast_end": {
        "remove": {
          "component_groups": ["self:shadowfire_cast"]
        },
        "set_property": {
          "thump989:phantore_attack_state": "none",
          "thump989:shadowfire_timer": 0,
          "thump989:phantore_power": "q.property('thump989:phantore_power')+2"
        },
        "add": {
          "component_groups": ["self:attack_prepare"]
        }
      },
      "thump989:phantore_shadowfire_cast": {
        "reset_target": {},
        "add": {
          "component_groups": ["self:shadowfire_cast"]
        },
        "set_property": {
          "thump989:shadowfire_timer": 0,
          "thump989:phantore_attack_state": "shadowfire"
        }
      },
      "thump989:phantore_skeleton_cast": {
        "reset_target": {},
        "add": {
          "component_groups": ["self:skeleton_cast"]
        },
        "set_property": {
          "thump989:phantore_attack_state": "summon"
        }
      },
      "thump989:phantore_skeleton_cast_end": {
        "reset_target": {},
        "remove": {
          "component_groups": ["self:skeleton_cast"]
        },
        "set_property": {
          "thump989:phantore_attack_state": "none",
          "thump989:phantore_power": 0
        },
        "add": {
          "component_groups": ["self:attack_prepare"]
        }
      },
      "thump989:phantore_hands_cast": {
        "add": {
          "component_groups": ["self:hands_cast"]
        },
        "set_property": {
          "thump989:phantore_attack_state": "summon"
        }
      },
      "thump989:phantore_hands_cast_end": {
        "remove": {
          "component_groups": ["self:hands_cast"]
        },
        "set_property": {
          "thump989:phantore_attack_state": "none",
          "thump989:phantore_power": "q.property('thump989:phantore_power')+2"
        },
        "add": {
          "component_groups": ["self:attack_prepare"]
        }
      },
      "thump989:phantore_xp_bomb_timer": {
        "add": {
          "component_groups": ["self:xp_bomb_timer"]
        },
        "set_property": {
          "thump989:phantore_attack_state": "xp_timer",
          "thump989:xp_blast_amount": 0.0
        },
        "queue_command": {
          "command": ["playsound mob.phantore.exp_absorb_start @a ~ ~ ~"]
        }
      },
      "thump989:phantore_xp_bomb": {
        "set_property": {
          "thump989:phantore_attack_state": "xp_bomb"
        },
        "remove": {
          "component_groups": ["self:xp_bomb_timer"]
        },
        "add": {
          "component_groups": ["self:xp_bomb"]
        }
      },
      "thump989:xp_bomb_detonate": {
        "remove": {
          "component_groups": ["self:xp_bomb"]
        },
        "add": {
          "component_groups": ["self:xp_bomb_recover"]
        },
        "set_property": {
          "thump989:xp_blast_amount": 0.0,
          "thump989:phantore_attack_state": "recover",
          "thump989:phantore_power": 0
        },
        "queue_command": {
          "command": [
            "scriptevent thump989:phantore_xp_explosion xp_explosion",
            "playsound mob.phantore.exp_absorb_start @a ~ ~ ~"
          ]
        }
      },
      "thump989:phantore_attack_select": {
        "sequence": [
          {
            "set_property": {
              "thump989:phantore_attack_state": "none"
            },
            "remove": {
              "component_groups": ["self:attack_prepare"]
            }
          },
          {
            "first_valid": [
              {
                "filters": [
                  {
                    "test": "has_target",
                    "subject": "self",
                    "operator": "not"
                  }
                ],
                "add": {
                  "component_groups": ["self:attack_prepare"]
                }
              },
              {
                "filters": [
                  {
                    "test": "int_property",
                    "value": 10,
                    "domain": "thump989:phantore_power",
                    "operator": "<="
                  }
                ],
                "randomize": [
                  {
                    "trigger": "thump989:phantore_skullhot_start",
                    "weight": 2
                  },
                  {
                    "trigger": "thump989:phantore_hands_cast",
                    "weight": 1
                  },
                  {
                    "trigger": "thump989:phantore_shadowfire_cast",
                    "weight": 1,
                    "filters": [
                      {
                        "test": "int_property",
                        "value": 30,
                        "operator": ">=",
                        "subject": "self",
                        "domain": "thump989:shadowfire_timer"
                      }
                    ]
                  }
                ]
              },
              {
                "filters": [
                  {
                    "test": "int_property",
                    "value": 10,
                    "domain": "thump989:phantore_power",
                    "operator": ">"
                  }
                ],
                "randomize": [
                  {
                    "trigger": "thump989:phantore_skeleton_cast",
                    "weight": 1
                  },
                  {
                    "trigger": "thump989:phantore_xp_bomb_timer",
                    "weight": 1
                  }
                ]
              }
            ]
          }
        ]
      },
      "minecraft:entity_spawned": {
        "add": {
          "component_groups": ["self:attack_prepare"]
        },
        "queue_command": {
          "command": ["weather thunder"]
        }
      },
      "thump989:shadowfire_timer_tick": {
        "set_property": {
          "thump989:shadowfire_timer": "q.property('thump989:shadowfire_timer')+1"
        }
      },
      "thump989:instant_despawn": {
        "add": {
          "component_groups": ["self:instant_despawn"]
        }
      }
    }
  }
}
