{
  "format_version": "1.21.90",
  "minecraft:item": {
    "description": {
      "identifier": "thump989:malumite_hoe",
      "menu_category": {
        "category": "equipment"
      }
    },
    "components": {
      "minecraft:max_stack_size": 1,
      "minecraft:icon": "malumite_hoe",
      "minecraft:rarity": "uncommon",
      "thump989:mine_block_damage": {},
      "thump989:is_hoe": {},
      "minecraft:damage": 7,
      "minecraft:tags": {
        "tags": [
          "minecraft:netherite_tier",
          "thump989:malumite_tier",
          "minecraft:is_tool",
          "minecraft:is_hoe"
        ]
      },
      "minecraft:digger": {
        "use_efficiency": true,
        "destroy_speeds": [
          {
            "speed": 25,
            "block": {
              "tags": "query.any_tag('minecraft:is_hoe_item_destructible')"
            }
          }
        ]
      },
      "minecraft:hand_equipped": true,
      "minecraft:enchantable": {
        "slot": "hoe",
        "value": 25
      },
      "minecraft:durability": {
        "damage_chance": {
          "min": 0,
          "max": 100
        },
        "max_durability": 3827
      },
      "minecraft:repairable": {
        "repair_items": [
          {
            "items": ["thump989:malumite_bar"],
            "repair_amount": 956
          }
        ]
      }
    }
  }
}
