{
  "format_version": "1.21.90",
  "minecraft:item": {
    "description": {
      "identifier": "thump989:malumite_sword",
      "menu_category": {
        "category": "equipment"
      }
    },
    "components": {
      "minecraft:max_stack_size": 1,
      "minecraft:icon": "malumite_sword",
      "minecraft:rarity": "uncommon",
      "thump989:mine_block_damage": {},
      "minecraft:damage": 10,
      "minecraft:tags": {
        "tags": [
          "minecraft:netherite_tier",
          "thump989:malumite_tier",
          "minecraft:is_sword"
        ]
      },
      "minecraft:digger": {
        "use_efficiency": true,
        "destroy_speeds": [
          {
            "block": {
              "tags": "q.any_tag('minecraft:is_sword_item_destructible')"
            },
            "speed": 14
          }
        ]
      },
      "minecraft:can_destroy_in_creative": false,
      "minecraft:hand_equipped": true,
      "minecraft:enchantable": {
        "slot": "sword",
        "value": 25
      },
      "thump989:reduce_melee_damage": {},
      "minecraft:durability": {
        "damage_chance": {
          "min": 0,
          "max": 100
        },
        "max_durability": 3278
      },
      "minecraft:repairable": {
        "repair_items": [
          {
            "items": ["thump989:malumite_bar"],
            "repair_amount": 819
          }
        ]
      }
    }
  }
}
