{
  "format_version": "1.21.90",
  "minecraft:item": {
    "description": {
      "identifier": "thump989:malumite_chestplate",
      "menu_category": {
        "category": "equipment"
      }
    },
    "components": {
      "minecraft:max_stack_size": 1,
      "minecraft:icon": "malumite_chestplate",
      "minecraft:rarity": "uncommon",
      "minecraft:wearable": {
        "slot": "slot.armor.chest",
        "protection": 9
      },
      "minecraft:enchantable": {
        "slot": "armor_torso",
        "value": 25
      },
      "minecraft:tags": {
        "tags": ["minecraft:is_armor", "minecraft:trimmable_armors"]
      },
      "minecraft:durability": {
        "damage_chance": {
          "min": 0,
          "max": 100
        },
        "max_durability": 3278
      },
      "minecraft:repairable": {
        "repair_items": [
          {
            "items": ["thump989:malumite_bar"],
            "repair_amount": 819
          }
        ]
      }
    }
  }
}
