{
  "format_version": "1.21.70",
  "minecraft:entity": {
    "description": {
      "identifier": "thump989:caldpteron_caterpillar",
      "is_spawnable": true,
      "is_summonable": true,
      "is_experimental": false
    },
    "components": {
      "minecraft:experience_reward": {
        "on_death": "query.last_hit_by_player ? 20 : 0"
      },
      "minecraft:type_family": {
        "family": ["caterpillar", "monster", "mob", "arthropod"]
      },
      "minecraft:damage_sensor": {
        "triggers": [
          {
            "on_damage": {
              "filters": {
                "test": "has_damage",
                "subject": "self",
                "value": "fall"
              }
            },
            "deals_damage": "no"
          }
        ]
      },
      "minecraft:behavior.avoid_block": {
        "priority": 0,
        "search_height": 5,
        "tick_interval": 1,
        "search_range": 5,
        "target_selection_method": "nearest",
        "target_blocks": ["minecraft:powder_snow"]
      },
      "minecraft:breathable": {
        "total_supply": 15,
        "suffocate_time": 0
      },
      "minecraft:nameable": {},
      "minecraft:health": {
        "value": 40,
        "max": 40
      },
      "minecraft:hurt_on_condition": {
        "damage_conditions": [
          {
            "filters": {
              "test": "in_lava",
              "subject": "self",
              "operator": "==",
              "value": true
            },
            "cause": "lava",
            "damage_per_tick": 4
          }
        ]
      },
      "minecraft:behavior.move_to_block": {
        "start_chance": 0.25,
        "search_range": 32,
        "goal_radius": 3,
        "stay_duration": 2,
        "priority": 5,
        "target_blocks": ["minecraft:soul_lanterns"]
      },
      "minecraft:behavior.random_stroll": {
        "interval": 120,
        "priority": 6,
        "xz_dist": 10,
        "y_dist": 7
      },
      "minecraft:movement": {
        "value": 0.12
      },
      "minecraft:navigation.walk": {
        "can_path_over_water": true
      },
      "minecraft:scale": {
        "value": 1.3
      },
      "minecraft:movement.basic": {},
      "minecraft:jump.static": {},
      "minecraft:can_climb": {},
      "minecraft:attack": {
        "damage": 16,
        "effect_duration": 60,
        "effect_name": "slowness"
      },
      "minecraft:preferred_path": {
        "default_block_cost": 0,
        "jump_cost": 0,
        "max_fall_blocks": 5,
        "preferred_path_blocks": [
          {
            "blocks": ["minecraft:powder_snow", "minecraft:blue_ice"],
            "cost": 100
          }
        ]
      },
      "minecraft:behavior.melee_attack": {
        "cooldown_time": 1,
        "speed_multiplier": 1,
        "can_spread_on_fire": true
      },
      "minecraft:area_attack": {
        "damage_per_tick": 3,
        "damage_cooldown": 3,
        "entity_filter": [
          {
            "all_of": [
              {
                "test": "actor_health",
                "subject": "self",
                "operator": ">=",
                "value": 1
              },
              {
                "any_of": [
                  {
                    "test": "is_family",
                    "subject": "other",
                    "value": "player"
                  },
                  {
                    "test": "is_family",
                    "subject": "other",
                    "value": "irongolem"
                  },
                  {
                    "test": "is_family",
                    "subject": "other",
                    "value": "wolf"
                  }
                ]
              }
            ]
          }
        ],
        "damage_range": 2,
        "cause": "freezing"
      },
      "minecraft:collision_box": {
        "width": 0.4,
        "height": 0.3
      },
      "minecraft:despawn": {
        "despawn_from_distance": {}
      },
      "minecraft:behavior.float": {
        "priority": 1
      },
      "minecraft:behavior.nearest_attackable_target": {
        "priority": 2,
        "scan_interval": 10,
        "entity_types": [
          {
            "filters": {
              "any_of": [
                {
                  "test": "is_family",
                  "subject": "other",
                  "value": "player"
                },
                {
                  "test": "is_family",
                  "subject": "other",
                  "value": "wolf"
                },
                {
                  "test": "is_family",
                  "subject": "other",
                  "value": "irongolem"
                }
              ]
            },
            "max_dist": 8
          }
        ]
      },
      "minecraft:physics": {},
      "minecraft:pushable": {
        "is_pushable": true,
        "is_pushable_by_piston": true
      },
      "minecraft:conditional_bandwidth_optimization": {}
    }
  }
}
