{
  "format_version": "1.21.70",
  "minecraft:entity": {
    "description": {
      "identifier": "thump989:giant_fly",
      "is_spawnable": true,
      "is_summonable": true
    },
    "components": {
      "minecraft:experience_reward": {
        "on_death": "query.last_hit_by_player ? 14 : 0"
      },
      "minecraft:is_hidden_when_invisible": {},
      "minecraft:behavior.random_hover": {
        "priority": 12,
        "xz_dist": 8,
        "y_dist": 8,
        "y_offset": -1,
        "interval": 1,
        "hover_height": [1, 4]
      },
      "minecraft:behavior.avoid_block": {
        "priority": 0,
        "search_height": 3,
        "search_range": 3,
        "target_blocks": ["minecraft:water", "minecraft:flowing_water"]
      },
      "minecraft:despawn": {
        "despawn_from_distance": {}
      },
      "minecraft:leashable": {
        "soft_distance": 4,
        "hard_distance": 6,
        "max_distance": 10
      },
      "minecraft:behavior.float": {
        "priority": 19
      },
      "minecraft:type_family": {
        "family": ["giant_fly", "mob", "arthropod", "monster"]
      },
      "minecraft:behavior.nearest_attackable_target": {
        "priority": 2,
        "scan_interval": 10,
        "entity_types": [
          {
            "filters": {
              "any_of": [
                {
                  "test": "is_family",
                  "subject": "other",
                  "value": "player"
                },
                {
                  "test": "is_family",
                  "subject": "other",
                  "value": "wolf"
                },
                {
                  "test": "is_family",
                  "subject": "other",
                  "value": "irongolem"
                }
              ]
            },
            "max_dist": 16
          }
        ]
      },
      "minecraft:attack": {
        "damage": 9,
        "effect_name": "weakness",
        "effect_duration": 45
      },
      "minecraft:behavior.melee_attack": {
        "cooldown_time": 1,
        "speed_multiplier": 1
      },
      "minecraft:collision_box": {
        "width": 0.55,
        "height": 0.5
      },
      "minecraft:conditional_bandwidth_optimization": {},
      "minecraft:game_event_movement_tracking": {
        "emit_flap": true
      },
      "minecraft:follow_range": {
        "value": 64
      },
      "minecraft:damage_sensor": {
        "triggers": [
          {
            "cause": "fall",
            "deals_damage": "no"
          }
        ]
      },
      "minecraft:hurt_on_condition": {
        "damage_conditions": [
          {
            "filters": {
              "test": "in_lava",
              "subject": "self",
              "operator": "==",
              "value": true
            },
            "cause": "lava",
            "damage_per_tick": 4
          },
          {
            "filters": {
              "test": "in_water",
              "subject": "self",
              "operator": "==",
              "value": true
            },
            "cause": "drowning",
            "damage_per_tick": 4
          }
        ]
      },
      "minecraft:movement": {
        "value": 0.3
      },
      "minecraft:flying_speed": {
        "value": 0.15
      },
      "minecraft:navigation.hover": {
        "can_path_over_water": true,
        "can_sink": false,
        "can_pass_doors": false,
        "can_path_from_air": true,
        "avoid_water": true,
        "avoid_damage_blocks": true,
        "avoid_sun": false
      },
      "minecraft:movement.hover": {},
      "minecraft:jump.static": {},
      "minecraft:can_fly": {},
      "minecraft:scale": {
        "value": 0.5
      },
      "minecraft:health": {
        "value": 25,
        "max": 25
      },
      "minecraft:nameable": {},
      "minecraft:physics": {},
      "minecraft:pushable": {
        "is_pushable": true,
        "is_pushable_by_piston": true
      }
    }
  }
}
