{
  "format_version": "1.21.90",
  "minecraft:entity": {
    "description": {
      "identifier": "thump989:radioactive_shrimp",
      "is_spawnable": true,
      "is_summonable": true,
      "is_experimental": false
    },
    "components": {
      "minecraft:experience_reward": {
        "on_death": "query.last_hit_by_player ? 16 : 0"
      },
      "minecraft:is_hidden_when_invisible": {},
      "minecraft:type_family": {
        "family": ["radioactive_shrimp", "mob", "monster", "arthropod"]
      },
      "minecraft:collision_box": {
        "width": 0.75,
        "height": 0.42
      },
      "minecraft:breathable": {
        "total_supply": 15,
        "suffocate_time": 0,
        "breathes_water": true,
        "breathes_air": false,
        "generates_bubbles": false
      },
      "minecraft:nameable": {},
      "minecraft:health": {
        "value": 30
      },
      "minecraft:mob_effect_immunity": {
        "mob_effects": ["poison", "fatal_poison"]
      },
      "minecraft:damage_sensor": {
        "triggers": {
          "cause": "lightning",
          "deals_damage": "yes",
          "damage_multiplier": 2000
        }
      },
      "minecraft:hurt_on_condition": {
        "damage_conditions": [
          {
            "filters": {
              "test": "in_lava",
              "subject": "self",
              "operator": "==",
              "value": true
            },
            "cause": "lava",
            "damage_per_tick": 4
          }
        ]
      },
      "minecraft:navigation.generic": {
        "is_amphibious": true,
        "can_path_over_water": true,
        "can_swim": true,
        "can_walk": false,
        "can_sink": false,
        "avoid_damage_blocks": true
      },
      "minecraft:movement.amphibious": {},
      "minecraft:movement": {
        "value": 0.1
      },
      "minecraft:underwater_movement": {
        "value": 0.2
      },
      "minecraft:jump.static": {},
      "minecraft:physics": {},
      "minecraft:pushable": {
        "is_pushable": true,
        "is_pushable_by_piston": true
      },
      "minecraft:despawn": {
        "despawn_from_distance": {}
      },
      "minecraft:attack": {
        "damage": 9,
        "effect_duration": 7,
        "effect_name": "fatal_poison"
      },
      "minecraft:combat_regeneration": {},
      "minecraft:behavior.nearest_attackable_target": {
        "priority": 3,
        "must_see": true,
        "reselect_targets": true,
        "scan_interval": 10,
        "within_radius": 20,
        "entity_types": [
          {
            "filters": {
              "all_of": [
                {
                  "test": "in_water",
                  "subject": "other",
                  "value": true
                },
                {
                  "any_of": [
                    {
                      "test": "is_family",
                      "subject": "other",
                      "value": "player"
                    },
                    {
                      "test": "is_family",
                      "subject": "other",
                      "value": "axolotl"
                    },
                    {
                      "test": "is_family",
                      "subject": "other",
                      "value": "irongolem"
                    }
                  ]
                }
              ]
            },
            "max_dist": 20
          }
        ]
      },
      "minecraft:behavior.melee_attack": {
        "priority": 4,
        "on_kill": {
          "event": "killed_enemy_event",
          "target": "self"
        }
      },
      "minecraft:behavior.move_to_water": {
        "priority": 6,
        "search_range": 16,
        "search_height": 5,
        "search_count": 1,
        "goal_radius": 0.1
      },
      "minecraft:behavior.swim_idle": {
        "priority": 7,
        "idle_time": 5,
        "success_rate": 0.05
      },
      "minecraft:behavior.random_swim": {
        "priority": 8,
        "interval": 0,
        "xz_dist": 30,
        "y_dist": 15
      },
      "minecraft:behavior.random_stroll": {
        "priority": 9,
        "interval": 100
      },
      "minecraft:behavior.look_at_player": {
        "priority": 10,
        "target_distance": 6,
        "probability": 0.02
      }
    }
  }
}
