{
  "format_version": "1.16.0",
  "minecraft:entity": {
    "description": {
      "identifier": "thump989:somberfish",
      "is_spawnable": true,
      "is_summonable": true,
      "is_experimental": false
    },
    "components": {
      "minecraft:experience_reward": {
        "on_death": "query.last_hit_by_player ? 18 : 0"
      },
      "minecraft:type_family": {
        "family": ["somberfish", "monster", "mob", "arthropod"]
      },
      "minecraft:breathable": {
        "total_supply": 15,
        "suffocate_time": 0
      },
      "minecraft:nameable": {},
      "minecraft:health": {
        "value": 30,
        "max": 30
      },
      "minecraft:hurt_on_condition": {
        "damage_conditions": [
          {
            "filters": {
              "test": "in_lava",
              "subject": "self",
              "operator": "==",
              "value": true
            },
            "cause": "lava",
            "damage_per_tick": 4
          }
        ]
      },
      "minecraft:movement": {
        "value": 0.25
      },
      "minecraft:navigation.walk": {
        "can_path_over_water": true
      },
      "minecraft:movement.basic": {},
      "minecraft:jump.static": {},
      "minecraft:can_climb": {},
      "minecraft:attack": {
        "damage": 11,
        "effect_duration": 60,
        "effect_name": "darkness"
      },
      "minecraft:collision_box": {
        "width": 0.4,
        "height": 0.3
      },
      "minecraft:despawn": {
        "despawn_from_distance": {}
      },
      "minecraft:behavior.float": {
        "priority": 1
      },
      "minecraft:behavior.random_stroll": {
        "interval": 120,
        "priority": 7,
        "speed_multiplier": 0.7,
        "xz_dist": 10,
        "y_dist": 7
      },
      "minecraft:behavior.melee_attack": {
        "can_spread_on_fire": true,
        "speed_multiplier": 1
      },
      "minecraft:behavior.nearest_attackable_target": {
        "priority": 2,
        "scan_interval": 10,
        "must_see": false,
        "entity_types": [
          {
            "filters": {
              "any_of": [
                {
                  "test": "is_family",
                  "subject": "other",
                  "value": "player"
                },
                {
                  "test": "is_family",
                  "subject": "other",
                  "value": "wolf"
                },
                {
                  "test": "is_family",
                  "subject": "other",
                  "value": "irongolem"
                }
              ]
            },
            "max_dist": 16
          }
        ]
      },
      "minecraft:physics": {},
      "minecraft:pushable": {
        "is_pushable": true,
        "is_pushable_by_piston": true
      },
      "minecraft:conditional_bandwidth_optimization": {}
    }
  }
}
