{
  "format_version": "1.21.90",
  "minecraft:item": {
    "description": {
      "identifier": "thump989:cobalt_pickaxe",
      "menu_category": {
        "category": "equipment"
      }
    },
    "components": {
      "minecraft:max_stack_size": 1,
      "minecraft:icon": "cobalt_pickaxe",
      "minecraft:damage": 8,
      "thump989:mine_block_damage": {},
      "minecraft:rarity": "epic",
      "minecraft:tags": {
        "tags": [
          "minecraft:netherite_tier",
          "thump989:cobalt_tier",
          "minecraft:is_tool",
          "minecraft:is_pickaxe"
        ]
      },
      "minecraft:digger": {
        "use_efficiency": true,
        "destroy_speeds": [
          {
            "speed": 35,
            "block": {
              "tags": "query.any_tag('minecraft:is_pickaxe_item_destructible')"
            }
          },
          {
            "speed": 35,
            "block": {
              "tags": "query.any_tag('minecraft:is_pickaxe')"
            }
          },
          {
            "speed": 30,
            "block": {
              "tags": "query.any_tag('minecraft:netherite_tier')"
            }
          },
          {
            "speed": 35,
            "block": {
              "tags": "query.any_tag('minecraft:diamond_tier_destructible')"
            }
          },
          {
            "speed": 35,
            "block": {
              "tags": "query.any_tag('minecraft:stone_tier_destructible')"
            }
          },
          {
            "speed": 35,
            "block": {
              "tags": "query.any_tag('minecraft:iron_tier_destructible')"
            }
          },
          {
            "speed": 35,
            "block": {
              "tags": "query.any_tag('diamond_pick_diggable')"
            }
          }
        ]
      },
      "minecraft:hand_equipped": true,
      "minecraft:enchantable": {
        "slot": "pickaxe",
        "value": 75
      },
      "minecraft:durability": {
        "damage_chance": {
          "min": 0,
          "max": 100
        },
        "max_durability": 6556
      },
      "minecraft:repairable": {
        "repair_items": [
          {
            "items": ["thump989:cobalt_ingot"],
            "repair_amount": 1639
          }
        ]
      }
    }
  }
}
