{
  "format_version": "1.21.90",
  "minecraft:item": {
    "description": {
      "identifier": "thump989:cobalt_sword",
      "menu_category": {
        "category": "equipment"
      }
    },
    "components": {
      "minecraft:max_stack_size": 1,
      "minecraft:icon": "cobalt_sword",
      "minecraft:rarity": "epic",
      "minecraft:damage": 12,
      "minecraft:can_destroy_in_creative": false,
      "minecraft:hand_equipped": true,
      "thump989:mine_block_damage": {},
      "thump989:cobalt_sword": {},
      "minecraft:tags": {
        "tags": ["minecraft:netherite_tier", "thump989:cobalt_tier"]
      },
      "minecraft:enchantable": {
        "slot": "sword",
        "value": 75
      },
      "minecraft:digger": {
        "use_efficiency": true,
        "destroy_speeds": [
          {
            "block": {
              "tags": "q.any_tag('minecraft:is_sword_item_destructible')"
            },
            "speed": 16
          }
        ]
      },
      "minecraft:durability": {
        "damage_chance": {
          "min": 0,
          "max": 100
        },
        "max_durability": 6556
      },
      "minecraft:repairable": {
        "repair_items": [
          {
            "items": ["thump989:cobalt_ingot"],
            "repair_amount": 1639
          }
        ]
      }
    }
  }
}
