{
  "format_version": "1.16.100",
  "minecraft:entity": {
    "description": {
      "identifier": "thump989:blemish",
      "is_spawnable": true,
      "is_summonable": true,
      "is_experimental": false,
      "spawn_category": "monster"
    },
    "components": {
      "minecraft:physics": {
        "has_gravity": true,
        "has_collision": true
      },
      "minecraft:experience_reward": {
        "on_death": "query.last_hit_by_player ? 10 : 0"
      },
      "minecraft:collision_box": {
        "width": 0.6,
        "height": 1.9
      },
      "minecraft:hurt_on_condition": {
        "damage_conditions": [
          {
            "cause": "lava",
            "damage_per_tick": 4,
            "filters": [
              {
                "test": "in_lava",
                "subject": "self"
              }
            ]
          }
        ]
      },
      "minecraft:behavior.hurt_by_target": {
        "priority": 1,
        "entity_types": {
          "filters": [
            {
              "test": "is_family",
              "subject": "other",
              "value": "monster",
              "operator": "not"
            }
          ]
        }
      },
      "minecraft:loot": {
        "table": "loot_tables/entity/blemished.json"
      },
      "minecraft:behavior.random_stroll": {
        "interval": 120,
        "priority": 10,
        "xz_dist": 10,
        "y_dist": 7
      },
      "minecraft:behavior.random_look_around": {
        "priority": 11,
        "look_time": [0, 2],
        "probability": 0.1
      },
      "minecraft:navigation.generic": {},
      "minecraft:movement": {
        "value": 0.25
      },
      "minecraft:movement.basic": {},
      "minecraft:jump.static": {
        "jump_power": 0.42
      },
      "minecraft:target_nearby_sensor": {
        "inside_range": 4.0,
        "outside_range": 6.0,
        "must_see": true,
        "on_inside_range": {
          "event": "thump989:switch_to_melee",
          "target": "self"
        },
        "on_outside_range": {
          "event": "thump989:switch_to_ranged",
          "target": "self"
        }
      },
      "minecraft:despawn": {
        "despawn_from_distance": {}
      },
      "minecraft:ambient_sound_interval": {
        "event_name": "ambient",
        "range": 10,
        "value": 2
      },
      "minecraft:health": {
        "value": 30,
        "max": 30
      },
      "minecraft:type_family": {
        "family": ["monster", "mob", "blemish"]
      },
      "minecraft:behavior.nearest_attackable_target": {
        "scan_interval": 10,
        "reselect_targets": true,
        "must_see": true,
        "persist_time": 1,
        "entity_types": [
          {
            "reevaluate_description": true,
            "must_see_forget_duration": 2,
            "must_see": true,
            "filters": [
              {
                "any_of": [
                  {
                    "test": "is_family",
                    "subject": "other",
                    "value": "player"
                  },
                  {
                    "test": "is_family",
                    "subject": "other",
                    "value": "irongolem"
                  },
                  {
                    "test": "is_family",
                    "subject": "other",
                    "value": "wolf"
                  }
                ]
              }
            ],
            "max_dist": 20
          }
        ]
      },
      "minecraft:pushable": {
        "is_pushable": true,
        "is_pushable_by_piston": true
      },
      "minecraft:push_through": {
        "value": 0
      }
    },
    "component_groups": {
      "self:ranged_mode": {
        "minecraft:behavior.summon_entity": {
          "priority": 1,
          "summon_choices": [
            {
              "cast_duration": 5,
              "cooldown_time": 5,
              "filters": [],
              "weight": 1,
              "do_casting": true,
              "max_activation_range": 35.0,
              "min_activation_range": 4.0,
              "sequence": [
                {
                  "base_delay": 2,
                  "shape": "circle",
                  "target": "target",
                  "delay_per_summon": 0,
                  "entity_lifespan": -1,
                  "entity_type": "thump989:blemish_spike",
                  "num_entities_spawned": 1,
                  "size": 0
                },
                {
                  "base_delay": 1,
                  "shape": "circle",
                  "target": "target",
                  "delay_per_summon": 0,
                  "entity_lifespan": -1,
                  "entity_type": "thump989:blemish_spike",
                  "num_entities_spawned": 4,
                  "size": 1
                },
                {
                  "base_delay": 1,
                  "shape": "circle",
                  "target": "target",
                  "delay_per_summon": 0,
                  "entity_lifespan": -1,
                  "entity_type": "thump989:blemish_spike",
                  "num_entities_spawned": 7,
                  "size": 2
                },
                {
                  "base_delay": 1,
                  "shape": "circle",
                  "target": "target",
                  "delay_per_summon": 0,
                  "entity_lifespan": -1,
                  "entity_type": "thump989:blemish_spike",
                  "num_entities_spawned": 10,
                  "size": 3
                }
              ]
            }
          ]
        }
      },
      "self:melee_mode": {
        "minecraft:attack": {
          "damage": 4,
          "effect_name": "mining_fatigue",
          "effect_duration": 10
        },
        "minecraft:behavior.random_look_around": {
          "priority": 8,
          "probability": 0.1
        },
        "minecraft:behavior.random_stroll": {
          "priority": 7,
          "interval": 80,
          "xz_dist": 10,
          "y_dist": 7
        },
        "minecraft:behavior.melee_attack": {
          "melee_fov": 90,
          "track_target": false,
          "attack_types": "example",
          "random_stop_interval": 0,
          "reach_multiplier": 2,
          "attack_once": false,
          "require_complete_path": false,
          "cooldown_time": 0
        }
      },
      "self:transient": {
        "minecraft:transient": {}
      }
    },
    "events": {
      "thump989:minion_spawn": {
        "add": {
          "component_groups": ["self:transient"]
        }
      },
      "thump989:switch_to_ranged": {
        "add": {
          "component_groups": ["self:ranged_mode"]
        },
        "remove": {
          "component_groups": ["self:melee_mode"]
        }
      },
      "thump989:switch_to_melee": {
        "add": {
          "component_groups": ["self:melee_mode"]
        },
        "remove": {
          "component_groups": ["self:ranged_mode"]
        }
      }
    }
  }
}
