{
  "format_version": "1.16.100",
  "minecraft:entity": {
    "description": {
      "identifier": "thump989:brine_bubble_homing",
      "is_spawnable": false,
      "is_summonable": true,
      "is_experimental": false
    },
    "components": {
      "minecraft:physics": {
        "has_gravity": true,
        "has_collision": true
      },
      "minecraft:behavior.melee_attack": {
        "priority": 4,
        "reach_multiplier": 1,
        "x_max_rotation": 360,
        "y_max_head_rotation": 360,
        "on_attack": {
          "event": "thump989:instant_despawn",
          "target": "self"
        }
      },
      "minecraft:knockback_resistance": {
        "value": 1,
        "max": 1
      },
      "minecraft:behavior.nearest_attackable_target": {
        "scan_interval": 10,
        "must_see": true,
        "entity_types": [
          {
            "filters": [
              {
                "any_of": [
                  {
                    "test": "is_family",
                    "subject": "other",
                    "value": "player"
                  },
                  {
                    "test": "is_family",
                    "subject": "other",
                    "value": "axolotl"
                  },
                  {
                    "test": "is_family",
                    "subject": "other",
                    "value": "irongolem"
                  },
                  {
                    "test": "is_family",
                    "subject": "other",
                    "value": "wolf"
                  }
                ]
              }
            ],
            "max_dist": 20
          }
        ]
      },
      "minecraft:collision_box": {
        "width": 0.4,
        "height": 0.4
      },
      "minecraft:environment_sensor": {
        "triggers": [
          {
            "event": "thump989:instant_despawn",
            "target": "self",
            "filters": {
              "test": "on_ground"
            }
          },
          {
            "event": "thump989:instant_despawn",
            "target": "self",
            "filters": {
              "test": "in_water",
              "value": false
            }
          }
        ]
      },
      "minecraft:navigation.generic": {
        "is_amphibious": true,
        "can_path_over_water": true,
        "can_swim": true,
        "can_walk": true,
        "can_sink": false,
        "avoid_damage_blocks": true
      },
      "minecraft:movement.amphibious": {
        "max_turn": 10
      },
      "minecraft:movement": {
        "value": 0.1
      },
      "minecraft:underwater_movement": {
        "value": 0.15
      },
      "minecraft:follow_range": {
        "value": 48,
        "max": 48
      },
      "minecraft:jump.static": {},
      "minecraft:health": {
        "value": 1,
        "max": 1
      },
      "minecraft:attack": {
        "damage": 10
      },
      "minecraft:transient": {},
      "minecraft:despawn": {
        "despawn_from_distance": {}
      },
      "minecraft:pushable": {
        "is_pushable": false
      },
      "minecraft:push_through": {
        "value": 0
      }
    },
    "component_groups": {
      "self:instant_despawn": {
        "minecraft:instant_despawn": {
          "remove_child_entities": false
        }
      }
    },
    "events": {
      "thump989:instant_despawn": {
        "add": {
          "component_groups": ["self:instant_despawn"]
        }
      }
    }
  }
}
