{
  "format_version": "1.16.100",
  "minecraft:entity": {
    "description": {
      "identifier": "thump989:brine_bubble",
      "is_spawnable": false,
      "is_summonable": true,
      "is_experimental": false,
      "runtime_identifier": "minecraft:snowball"
    },
    "components": {
      "minecraft:transient": {},
      "minecraft:environment_sensor": {
        "triggers": [
          {
            "event": "thump989:instant_despawn",
            "target": "self",
            "filters": {
              "test": "in_water",
              "subject": "self",
              "value": false
            }
          }
        ]
      },
      "minecraft:projectile": {
        "anchor": 1,
        "inertia": 0.6,
        "liquid_inertia": 1,
        "power": 1,
        "gravity": 0,
        "uncertainty_base": 25,
        "on_hit": {
          "impact_damage": {
            "damage": 7,
            "knockback": true
          },
          "remove_on_hit": {}
        }
      },
      "minecraft:physics": {
        "has_gravity": true,
        "has_collision": true
      },
      "minecraft:pushable": {
        "is_pushable": false
      },
      "minecraft:push_through": {
        "value": 1
      }
    },
    "component_groups": {
      "self:instant_despawn": {
        "minecraft:projectile": {
          "anchor": 1,
          "inertia": 0.6,
          "liquid_inertia": 1,
          "power": 1,
          "gravity": 0.05,
          "uncertainty_base": 25,
          "on_hit": {
            "impact_damage": {
              "damage": 7,
              "knockback": true
            },
            "remove_on_hit": {}
          }
        }
      }
    },
    "events": {
      "thump989:instant_despawn": {
        "add": {
          "component_groups": ["self:instant_despawn"]
        }
      }
    }
  }
}
