{
  "format_version": "1.16.100",
  "minecraft:entity": {
    "description": {
      "identifier": "thump989:air_minister_thunder_spawner",
      "is_spawnable": false,
      "is_summonable": true,
      "is_experimental": false
    },
    "components": {
      "minecraft:collision_box": {
        "height": 0,
        "width": 0
      },
      "minecraft:damage_sensor": {
        "triggers": [
          {
            "cause": "all",
            "deals_damage": false
          }
        ]
      },
      "minecraft:transient": {},
      "minecraft:timer": {
        "time": 2.1,
        "looping": true,
        "time_down_event": {
          "event": "thump989:attack",
          "target": "self"
        }
      },
      "minecraft:physics": {
        "has_gravity": false,
        "has_collision": false
      },
      "minecraft:pushable": {
        "is_pushable": false
      },
      "minecraft:push_through": {
        "value": 1
      }
    },
    "component_groups": {
      "self:instant_despawn": {
        "minecraft:instant_despawn": {
          "remove_child_entities": false
        }
      }
    },
    "events": {
      "thump989:instant_despawn": {
        "add": {
          "component_groups": ["self:instant_despawn"]
        }
      },
      "thump989:attack": {
        "queue_command": {
          "command": [
            "summon lightning_bolt ~ ~ ~",
            "event entity @s thump989:instant_despawn"
          ]
        }
      }
    }
  }
}
