{
  "format_version": "1.21.70",
  "minecraft:entity": {
    "description": {
      "identifier": "thump989:air_minister",
      "is_spawnable": true,
      "is_summonable": true,
      "is_experimental": false,
      "animations": {
        "thunder_1": "animation.air_minister.thunder_spawn_1",
        "thunder_2": "animation.air_minister.thunder_spawn_2"
      },
      "scripts": {
        "animate": [
          {
            "thunder_1": "q.property('thump989:boss_phase')==1"
          },
          {
            "thunder_2": "q.property('thump989:boss_phase')==2"
          }
        ]
      },
      "properties": {
        "thump989:boss_phase": {
          "type": "int",
          "client_sync": true,
          "default": 1,
          "range": [1, 10]
        }
      }
    },
    "components": {
      "minecraft:equipment": {
        "table": "loot_tables/spawn_equipment/faux_armour.json",
        "slot_drop_chance": [
          {
            "drop_chance": 0,
            "slot": "slot.armor.chest"
          }
        ]
      },
      "minecraft:on_death": {
        "target": "self",
        "event": "thump989:minister_die"
      },
      "minecraft:type_family": {
        "family": ["air_minister", "monster", "mob", "boss"]
      },
      "minecraft:scale": {
        "value": 1.5
      },
      "minecraft:nameable": {},
      "minecraft:boss": {
        "hud_range": 55,
        "name": "§5Air Minister",
        "should_darken_sky": false
      },
      "minecraft:health": {
        "value": 300,
        "max": 300
      },
      "minecraft:collision_box": {
        "width": 0.6,
        "height": 1.77
      },
      "minecraft:knockback_resistance": {
        "value": 1
      },
      "minecraft:jump.static": {},
      "minecraft:physics": {},
      "minecraft:pushable": {
        "is_pushable": true,
        "is_pushable_by_piston": true
      },
      "minecraft:persistent": {},
      "minecraft:experience_reward": {
        "on_death": "query.last_hit_by_player ? 130 : 0"
      },
      "minecraft:is_hidden_when_invisible": {},
      "minecraft:breathable": {
        "total_supply": 15,
        "suffocate_time": 0
      },
      "minecraft:movement": {
        "value": 0.4
      },
      "minecraft:follow_range": {
        "value": 32.0
      },
      "minecraft:navigation.walk": {
        "blocks_to_avoid": [
          {
            "tags": "query.any_tag('trapdoors')"
          }
        ]
      },
      "minecraft:movement.basic": {},
      "minecraft:conditional_bandwidth_optimization": {},
      "minecraft:hurt_on_condition": {
        "damage_conditions": [
          {
            "filters": {
              "test": "in_lava",
              "subject": "self",
              "operator": "==",
              "value": true
            },
            "cause": "lava",
            "damage_per_tick": 4
          }
        ]
      },
      "minecraft:damage_sensor": {
        "triggers": [
          {
            "cause": "fall",
            "deals_damage": "no"
          },
          {
            "cause": "lightning",
            "deals_damage": "no"
          },
          {
            "on_damage": {
              "filters": {
                "test": "is_family",
                "subject": "damager",
                "operator": "!=",
                "value": "wind_charge"
              }
            },
            "cause": "projectile",
            "deals_damage": "no"
          }
        ]
      },
      "minecraft:environment_sensor": {
        "triggers": [
          {
            "event": "thump989:air_minister_phase2",
            "target": "self",
            "filters": [
              {
                "test": "actor_health",
                "value": 150,
                "subject": "self",
                "operator": "<="
              }
            ]
          }
        ]
      },
      "minecraft:reflect_projectiles": {
        "reflected_projectiles": [
          "xp_bottle",
          "thrown_trident",
          "shulker_bullet",
          "dragon_fireball",
          "arrow",
          "snowball",
          "egg",
          "fireball",
          "splash_potion",
          "ender_pearl",
          "wither_skull",
          "wither_skull_dangerous",
          "small_fireball",
          "lingering_potion",
          "llama_spit",
          "fireworks_rocket",
          "fishing_hook"
        ],
        "azimuth_angle": "180.0 + Math.random(-20.0, 20.0)",
        "reflection_scale": "2",
        "reflection_sound": "reflect"
      },
      "minecraft:behavior.float": {
        "priority": 0
      },
      "minecraft:behavior.nearest_attackable_target": {
        "priority": 1,
        "within_radius": 24,
        "scan_interval": 10,
        "entity_types": [
          {
            "filters": {
              "test": "is_family",
              "subject": "other",
              "value": "player"
            },
            "max_dist": 24
          },
          {
            "filters": {
              "test": "is_family",
              "subject": "other",
              "value": "irongolem"
            },
            "max_dist": 24
          }
        ],
        "must_see": true
      }
    },
    "component_groups": {
      "self:phase_2": {
        "minecraft:environment_sensor": {},
        "minecraft:behavior.fire_at_target": {
          "projectile_def": "thump989:tornado_projectile",
          "priority": 2,
          "filters": {
            "all_of": [{ "test": "is_navigating", "value": false }]
          },
          "attack_range": [0, 32],
          "attack_cooldown": 0.5,
          "pre_shoot_delay": 0.75,
          "post_shoot_delay": 0.2,
          "ranged_fov": 90.0,
          "owner_anchor": 2,
          "owner_offset": [0.0, 0.3, 0.0],
          "target_anchor": 0,
          "target_offset": [0.0, 0.5, 0.0]
        },
        "minecraft:behavior.jump_around_target": {
          "priority": 3,
          "filters": {
            "all_of": [
              {
                "any_of": [
                  { "test": "in_water", "value": true },
                  { "test": "on_ground", "value": true }
                ]
              },
              { "test": "is_riding", "value": false },
              { "test": "in_lava", "value": false }
            ]
          },
          "jump_cooldown_duration": 1,
          "jump_cooldown_when_hurt_duration": 0.1,
          "last_hurt_duration": 2.0,
          "prepare_jump_duration": 0.5,
          "max_jump_velocity": 1.4,
          "check_collision": false,
          "entity_bounding_box_scale": 0.7,
          "line_of_sight_obstruction_height_ignore": 4,
          "valid_distance_to_target": [4.0, 20.0],
          "landing_position_spread_degrees": 90,
          "landing_distance_from_target": [4.0, 10],
          "required_vertical_space": 4,
          "snap_to_surface_block_range": 10,
          "jump_angles": [40.0, 55.0, 60.0, 75.0, 80.0]
        },
        "minecraft:behavior.ranged_attack": {
          "attack_interval": 1,
          "priority": 3,
          "attack_radius": 20,
          "swing": true
        }
      },
      "self:phase_1": {
        "minecraft:behavior.summon_entity": {
          "priority": 1,
          "summon_choices": [
            {
              "cast_duration": 1,
              "cooldown_time": 45,
              "filters": [],
              "weight": 1,
              "do_casting": true,
              "max_activation_range": 35.0,
              "min_activation_range": 6,
              "sequence": [
                {
                  "base_delay": 1,
                  "shape": "circle",
                  "target": "self",
                  "delay_per_summon": 0,
                  "entity_lifespan": 120,
                  "entity_type": "minecraft:breeze",
                  "num_entities_spawned": 3,
                  "size": 3
                }
              ]
            }
          ]
        },
        "minecraft:behavior.fire_at_target": {
          "projectile_def": "minecraft:breeze_wind_charge_projectile",
          "priority": 2,
          "filters": {
            "all_of": [{ "test": "is_navigating", "value": false }]
          },
          "attack_range": [0, 16],
          "attack_cooldown": 0.5,
          "pre_shoot_delay": 0.75,
          "post_shoot_delay": 0.2,
          "ranged_fov": 90.0,
          "owner_anchor": 2,
          "owner_offset": [0.0, 0.3, 0.0],
          "target_anchor": 0,
          "target_offset": [0.0, 0.5, 0.0]
        },
        "minecraft:behavior.move_around_target": {
          "priority": 3,
          "destination_position_range": [4.0, 8.0],
          "movement_speed": 1.2,
          "destination_pos_spread_degrees": 360,
          "filters": {
            "all_of": [
              {
                "test": "on_ground",
                "value": true
              },
              {
                "test": "target_distance",
                "subject": "self",
                "value": 24.0,
                "operator": "<="
              }
            ]
          }
        },
        "minecraft:behavior.hurt_by_target": {
          "priority": 4,
          "entity_types": [
            {
              "filters": {
                "all_of": [
                  {
                    "test": "is_family",
                    "subject": "other",
                    "operator": "!=",
                    "value": "skeleton"
                  },
                  {
                    "test": "is_family",
                    "subject": "other",
                    "operator": "!=",
                    "value": "stray"
                  },
                  {
                    "test": "is_family",
                    "subject": "other",
                    "operator": "!=",
                    "value": "zombie"
                  },
                  {
                    "test": "is_family",
                    "subject": "other",
                    "operator": "!=",
                    "value": "husk"
                  },
                  {
                    "test": "is_family",
                    "subject": "other",
                    "operator": "!=",
                    "value": "spider"
                  },
                  {
                    "test": "is_family",
                    "subject": "other",
                    "operator": "!=",
                    "value": "cavespider"
                  },
                  {
                    "test": "is_family",
                    "subject": "other",
                    "operator": "!=",
                    "value": "slime"
                  }
                ]
              }
            }
          ]
        },
        "minecraft:behavior.jump_around_target": {
          "priority": 5,
          "filters": {
            "all_of": [
              {
                "any_of": [
                  { "test": "in_water", "value": true },
                  { "test": "on_ground", "value": true }
                ]
              },
              { "test": "is_riding", "value": false },
              { "test": "in_lava", "value": false }
            ]
          },
          "jump_cooldown_duration": 0.5,
          "jump_cooldown_when_hurt_duration": 0.1,
          "last_hurt_duration": 2.0,
          "prepare_jump_duration": 0.5,
          "max_jump_velocity": 1.4,
          "check_collision": false,
          "entity_bounding_box_scale": 0.7,
          "line_of_sight_obstruction_height_ignore": 4,
          "valid_distance_to_target": [4.0, 20.0],
          "landing_position_spread_degrees": 90,
          "landing_distance_from_target": [4.0, 8.0],
          "required_vertical_space": 4,
          "snap_to_surface_block_range": 10,
          "jump_angles": [40.0, 55.0, 60.0, 75.0, 80.0]
        },
        "minecraft:behavior.look_at_player": {
          "priority": 7,
          "look_distance": 16
        },
        "minecraft:behavior.random_look_around": {
          "priority": 8
        }
      }
    },
    "events": {
      "thump989:minister_die": {
        "queue_command": {
          "command": ["function air_minister_die"]
        }
      },
      "thump989:air_minister_phase2": {
        "remove": {
          "component_groups": ["self:phase_1"]
        },
        "add": {
          "component_groups": ["self:phase_2"]
        },
        "set_property": {
          "thump989:boss_phase": 2
        },
        "queue_command": {
          "command": ["weather thunder"]
        }
      },
      "minecraft:entity_spawned": {
        "add": {
          "component_groups": ["self:phase_1"]
        }
      }
    }
  }
}
