{
  "format_version": "1.16.100",
  "minecraft:entity": {
    "description": {
      "identifier": "thump989:fire_minisiter_fireball",
      "is_spawnable": false,
      "is_summonable": true,
      "is_experimental": false,
      "runtime_identifier": "minecraft:fireball"
    },
    "component_groups": {
      "minecraft:exploding": {
        "minecraft:explode": {
          "fuse_length": 0,
          "fuse_lit": true,
          "power": 2,
          "causes_fire": true,
          "fire_affected_by_griefing": true,
          "destroy_affected_by_griefing": true
        }
      }
    },

    "components": {
      "minecraft:transient": {},
      "minecraft:collision_box": {
        "width": 0.31,
        "height": 0.31
      },
      "minecraft:projectile": {
        "on_hit": {
          "impact_damage": {
            "damage": 6,
            "knockback": false,
            "semi_random_diff_damage": false
          },
          "definition_event": {
            "affect_projectile": true,
            "event_trigger": {
              "event": "minecraft:explode",
              "target": "self"
            }
          }
        },
        "power": 1.6,
        "gravity": 0.0,
        "inertia": 1,
        "liquid_inertia": 1,
        "uncertainty_base": 0,
        "uncertainty_multiplier": 0,
        "anchor": 1,
        "offset": [0, 0.5, 0],
        "reflect_on_hurt": false,
        "catch_fire": true
      },
      "minecraft:physics": {},
      "minecraft:pushable": {
        "is_pushable": true,
        "is_pushable_by_piston": true
      },
      "minecraft:conditional_bandwidth_optimization": {
        "default_values": {
          "max_optimized_distance": 80.0,
          "max_dropped_ticks": 7,
          "use_motion_prediction_hints": true
        }
      }
    },
    "events": {
      "minecraft:explode": {
        "add": {
          "component_groups": ["minecraft:exploding"]
        }
      }
    }
  }
}
