{
  "format_version": "1.21.70",
  "minecraft:entity": {
    "description": {
      "identifier": "thump989:fire_minisiter",
      "is_spawnable": true,
      "is_summonable": true,
      "is_experimental": false,
      "runtime_identifier": "minecraft:blaze",
      "animations": {
        "aura_damage": "animation.fireminister_aura"
      },
      "scripts": {
        "animate": [
          {
            "aura_damage": "q.property('thump989:boss_phase')==2"
          }
        ]
      },
      "properties": {
        "thump989:boss_phase": {
          "type": "int",
          "client_sync": true,
          "default": 1,
          "range": [1, 10]
        }
      }
    },
    "components": {
      "minecraft:equipment": {
        "table": "loot_tables/spawn_equipment/faux_armour.json",
        "slot_drop_chance": [
          {
            "drop_chance": 0,
            "slot": "slot.armor.chest"
          }
        ]
      },
      "minecraft:physics": {
        "has_gravity": true,
        "has_collision": true
      },
      "minecraft:experience_reward": {
        "on_death": "query.last_hit_by_player ? 130 : 0"
      },
      "minecraft:hurt_on_condition": {
        "damage_conditions": [
          {
            "filters": {
              "test": "in_contact_with_water",
              "operator": "==",
              "value": true
            },
            "cause": "drowning",
            "damage_per_tick": 1
          }
        ]
      },
      "minecraft:type_family": {
        "family": ["mob", "monster", "boss", "fire_minister"]
      },
      "minecraft:knockback_resistance": {
        "value": 1,
        "max": 1
      },
      "minecraft:scale": {
        "value": 1.5
      },
      "minecraft:movement": {
        "value": 0.23
      },
      "minecraft:navigation.walk": {
        "can_path_over_water": true,
        "avoid_water": true,
        "avoid_damage_blocks": false,
        "can_path_from_air": true
      },
      "minecraft:movement.basic": {},
      "minecraft:jump.static": {},
      "minecraft:health": {
        "value": 300,
        "max": 300
      },
      "minecraft:combat_regeneration": {
        "apply_to_family": false,
        "apply_to_self": true,
        "regeneration_duration": 15
      },
      "minecraft:follow_range": {
        "value": 48,
        "max": 48
      },
      "minecraft:behavior.nearest_attackable_target": {
        "scan_interval": 10,
        "must_see": true,
        "entity_types": [
          {
            "filters": [
              {
                "any_of": [
                  {
                    "test": "is_family",
                    "subject": "other",
                    "value": "player"
                  },
                  {
                    "test": "is_family",
                    "subject": "other",
                    "value": "irongolem"
                  },
                  {
                    "test": "is_family",
                    "subject": "other",
                    "value": "ordinance"
                  },
                  {
                    "test": "is_family",
                    "subject": "other",
                    "value": "wolf"
                  }
                ]
              }
            ],
            "max_dist": 32
          }
        ]
      },
      "minecraft:environment_sensor": {
        "triggers": [
          {
            "event": "thump989:fire_minister_phase2",
            "target": "self",
            "filters": {
              "test": "actor_health",
              "value": 150,
              "operator": "<="
            }
          }
        ]
      },
      "minecraft:fire_immune": {},
      "minecraft:damage_sensor": {
        "triggers": [
          {
            "cause": "fall",
            "deals_damage": "no"
          }
        ]
      },
      "minecraft:on_death": {
        "target": "self",
        "event": "thump989:broadcast"
      },
      "minecraft:boss": {
        "hud_range": 55,
        "name": "§5Fire Minister",
        "should_darken_sky": false
      },
      "minecraft:pushable": {
        "is_pushable": false
      },
      "minecraft:push_through": {
        "value": 1
      }
    },
    "component_groups": {
      "self:summon": {
        "minecraft:movement": {
          "value": 0.2
        },
        "minecraft:variable_max_auto_step": {
          "base_value": 2
        },
        "minecraft:timer": {
          "time": 2,
          "looping": true,
          "time_down_event": {
            "event": "thump989:waterboil",
            "target": "self"
          }
        },
        "minecraft:hurt_on_condition": {},
        "minecraft:attack": {
          "damage": 7
        },
        "minecraft:behavior.nearest_attackable_target": {
          "scan_interval": 10,
          "must_see": false,
          "entity_types": [
            {
              "filters": [
                {
                  "any_of": [
                    {
                      "test": "is_family",
                      "subject": "other",
                      "value": "player"
                    },
                    {
                      "test": "is_family",
                      "subject": "other",
                      "value": "irongolem"
                    },
                    {
                      "test": "is_family",
                      "subject": "other",
                      "value": "ordinance"
                    },
                    {
                      "test": "is_family",
                      "subject": "other",
                      "value": "wolf"
                    }
                  ]
                }
              ],
              "max_dist": 32
            }
          ]
        },
        "minecraft:behavior.fire_at_target": {
          "attack_cooldown": 3,
          "attack_range": [0, 48],
          "pre_shoot_delay": 0.75,
          "post_shoot_delay": 0,
          "projectile_def": "thump989:fire_minisiter_fireball",
          "priority": 3,
          "target_offset": [0, 0, 0],
          "target_anchor": 1,
          "owner_anchor": 1,
          "owner_offset": [0, 0, 0]
        },
        "minecraft:environment_sensor": {},
        "minecraft:behavior.summon_entity": {
          "priority": 1,
          "summon_choices": [
            {
              "cast_duration": 5,
              "cooldown_time": 15,
              "filters": [],
              "weight": 1,
              "do_casting": true,
              "max_activation_range": 35.0,
              "min_activation_range": 0,
              "sequence": [
                {
                  "base_delay": 1,
                  "shape": "circle",
                  "target": "self",
                  "delay_per_summon": 0.2,
                  "entity_lifespan": -1,
                  "summon_cap": 2,
                  "entity_type": "thump989:fire_sprite",
                  "num_entities_spawned": 4,
                  "size": 3
                },
                {
                  "base_delay": 1,
                  "shape": "circle",
                  "target": "self",
                  "delay_per_summon": 0.2,
                  "entity_lifespan": -1,
                  "summon_cap": 2,
                  "entity_type": "thump989:fire_sprite",
                  "num_entities_spawned": 2,
                  "size": 4
                }
              ]
            }
          ]
        }
      },
      "self:ranged": {
        "minecraft:shooter": {
          "def": "thump989:fire_minisiter_fireball"
        },
        "minecraft:behavior.ranged_attack": {
          "priority": 3,
          "burst_shots": 3,
          "burst_interval": 0.6,
          "charge_charged_trigger": 0.0,
          "charge_shoot_trigger": 4.0,
          "attack_interval_min": 3.0,
          "attack_interval_max": 5.0,
          "target_in_sight_time": 0,
          "attack_radius_min": 0,
          "attack_radius": 16.0
        }
      },
      "self:melee": {
        "minecraft:attack": {
          "damage": 7
        },
        "minecraft:behavior.melee_attack": {
          "on_attack": {
            "target": "self",
            "event": "thump989:fireminister_attack_burst"
          },
          "cooldown_time": 1,
          "reach_multiplier": 2
        }
      },
      "self:mode_switcher": {
        "minecraft:target_nearby_sensor": {
          "inside_range": 2.1,
          "outside_range": 2.2,
          "must_see": true,
          "on_inside_range": {
            "event": "thump989:switch_to_melee",
            "target": "self"
          },
          "on_outside_range": {
            "event": "thump989:switch_to_ranged",
            "target": "self"
          }
        }
      }
    },
    "events": {
      "thump989:fire_minister_phase2": {
        "remove": {
          "component_groups": [
            "self:mode_switcher",
            "self:melee",
            "self:ranged"
          ]
        },
        "add": {
          "component_groups": ["self:summon"]
        },
        "set_property": {
          "thump989:boss_phase": 2
        },
        "queue_command": {
          "command": [
            "particle thump989:fire_minister_phase2_burst ~ ~ ~",
            "fill ~10 ~10 ~10 ~-10 ~-10 ~-10 air replace water",
            "fill ~10 ~10 ~10 ~-10 ~-10 ~-10 air replace flowing_water",
            "fill ~2 ~2 ~2 ~-2 ~-2 ~-2 fire replace air",
            "weather clear"
          ]
        }
      },
      "thump989:waterboil": {
        "queue_command": {
          "command": [
            "fill ~10 ~10 ~10 ~-10 ~-10 ~-10 air replace water",
            "fill ~10 ~10 ~10 ~-10 ~-10 ~-10 air replace flowing_water",
            "fill ~2 ~2 ~2 ~-2 ~-2 ~-2 fire replace air",
            "weather clear"
          ]
        }
      },
      "thump989:switch_to_ranged": {
        "add": {
          "component_groups": ["self:ranged"]
        },
        "remove": {
          "component_groups": ["self:melee"]
        }
      },
      "thump989:switch_to_melee": {
        "add": {
          "component_groups": ["self:melee"]
        },
        "remove": {
          "component_groups": ["self:ranged"]
        }
      },
      "thump989:fireminister_attack_burst": {
        "queue_command": {
          "command": ["scriptevent thump989:fire_minister fire_burst"]
        }
      },
      "minecraft:entity_spawned": {
        "add": {
          "component_groups": ["self:mode_switcher"]
        }
      },
      "thump989:broadcast": {
        "queue_command": {
          "command": [
            "function fire_minister_die",
            "event entity @e[type=thump989:fire_sprite] thump989:instant_despawn"
          ]
        }
      }
    }
  }
}
