{
  "format_version": "1.16.100",
  "minecraft:entity": {
    "description": {
      "identifier": "thump989:fire_sprite",
      "is_spawnable": true,
      "is_summonable": true,
      "is_experimental": false
    },
    "components": {
      "minecraft:physics": {
        "has_gravity": true,
        "has_collision": true
      },
      "minecraft:despawn": {
        "despawn_from_distance": {}
      },
      "minecraft:behavior.hurt_by_target": {
        "priority": 1,
        "entity_types": {
          "filters": [
            {
              "test": "is_family",
              "subject": "other",
              "value": "monster",
              "operator": "not"
            }
          ]
        }
      },
      "minecraft:fire_immune": {},
      "minecraft:movement.basic": {},
      "minecraft:movement": {
        "value": 0.2
      },
      "minecraft:scale": {
        "value": 0.8
      },
      "minecraft:health": {
        "value": 10,
        "max": 10
      },
      "minecraft:custom_hit_test": {
        "hitboxes": [
          {
            "width": 0.6,
            "height": 0.9,
            "pivot": [0, 1, 0]
          }
        ]
      },
      "minecraft:collision_box": {
        "height": 1.5,
        "width": 0
      },
      "minecraft:jump.static": {
        "jump_power": 0.42
      },
      "minecraft:navigation.generic": {
        "avoid_water": false,
        "can_jump": true,
        "can_walk": true,
        "avoid_damage_blocks": true
      },
      "minecraft:type_family": {
        "family": ["monster", "mob", "sprite"]
      },
      "minecraft:pushable": {
        "is_pushable": true,
        "is_pushable_by_piston": true
      },
      "minecraft:push_through": {
        "value": 1
      }
    },
    "component_groups": {
      "self:melee": {
        "minecraft:attack": {
          "damage": 4
        },
        "minecraft:variant": {
          "value": 0
        },
        "minecraft:behavior.nearest_attackable_target": {
          "scan_interval": 10,
          "must_see": true,
          "entity_types": [
            {
              "filters": [
                {
                  "any_of": [
                    {
                      "test": "is_family",
                      "subject": "other",
                      "value": "player"
                    },
                    {
                      "test": "is_family",
                      "subject": "other",
                      "value": "irongolem"
                    },
                    {
                      "test": "is_family",
                      "subject": "other",
                      "value": "wolf"
                    }
                  ]
                }
              ],
              "max_dist": 32
            }
          ]
        },
        "minecraft:behavior.melee_attack": {
          "melee_fov": 90,
          "cooldown_time": 1,
          "reach_multiplier": 2,
          "priority": 1
        }
      },
      "self:instant_despawn": {
        "minecraft:instant_despawn": {
          "remove_child_entities": false
        }
      }
    },
    "events": {
      "minecraft:entity_spawned": {
        "add": {
          "component_groups": ["self:melee"]
        }
      },
      "thump989:instant_despawn": {
        "add": {
          "component_groups": ["self:instant_despawn"]
        }
      }
    }
  }
}
