{
  "format_version": "1.21.50",
  "minecraft:entity": {
    "description": {
      "identifier": "thump989:water_minister",
      "is_spawnable": true,
      "is_summonable": true,
      "is_experimental": false,
      "properties": {
        "thump989:boss_phase": {
          "client_sync": true,
          "default": 1,
          "range": [1, 10],
          "type": "int"
        }
      }
    },
    "components": {
      "minecraft:equipment": {
        "table": "loot_tables/spawn_equipment/faux_armour.json",
        "slot_drop_chance": [
          {
            "drop_chance": 0,
            "slot": "slot.armor.chest"
          }
        ]
      },
      "minecraft:scale": {
        "value": 1.5
      },
      "minecraft:on_death": {
        "target": "self",
        "event": "thump989:minister_die"
      },
      "minecraft:experience_reward": {
        "on_death": "query.last_hit_by_player ? 130 : 0"
      },
      "minecraft:transient": {},
      "minecraft:knockback_resistance": {
        "value": 1,
        "max": 1
      },
      "minecraft:area_attack": {
        "damage_per_tick": 4,
        "damage_cooldown": 2,
        "damage_range": 20,
        "cause": "drowning",
        "entity_filter": {
          "all_of": [
            {
              "any_of": [
                {
                  "test": "is_family",
                  "subject": "other",
                  "value": "player"
                },
                {
                  "test": "is_family",
                  "subject": "other",
                  "value": "axolotl"
                }
              ]
            },
            {
              "test": "in_water",
              "subject": "other",
              "value": false
            }
          ]
        }
      },
      "minecraft:type_family": {
        "family": ["monster", "mob", "brine", "water_minister", "boss"]
      },
      "minecraft:behavior.nearest_attackable_target": {
        "scan_interval": 10,
        "must_see": true,
        "entity_types": [
          {
            "filters": [
              {
                "any_of": [
                  {
                    "test": "is_family",
                    "subject": "other",
                    "value": "player"
                  },
                  {
                    "test": "is_family",
                    "subject": "other",
                    "value": "axolotl"
                  },
                  {
                    "test": "is_family",
                    "subject": "other",
                    "value": "irongolem"
                  },
                  {
                    "test": "is_family",
                    "subject": "other",
                    "value": "wolf"
                  }
                ]
              }
            ],
            "max_dist": 40
          }
        ]
      },
      "minecraft:behavior.swim_idle": {
        "priority": 7,
        "idle_time": 5.0,
        "success_rate": 0.05
      },
      "minecraft:behavior.random_swim": {
        "priority": 8,
        "interval": 0,
        "xz_dist": 30,
        "y_dist": 15
      },
      "minecraft:boss": {
        "hud_range": 55,
        "name": "§5Water Minister",
        "should_darken_sky": false
      },
      "minecraft:collision_box": {
        "width": 0.9,
        "height": 0.9
      },
      "minecraft:health": {
        "value": 300,
        "max": 300
      },
      "minecraft:follow_range": {
        "value": 48,
        "max": 48
      },
      "minecraft:navigation.generic": {
        "is_amphibious": true,
        "can_path_over_water": true,
        "can_swim": true,
        "can_walk": true,
        "can_sink": false,
        "avoid_damage_blocks": true
      },
      "minecraft:movement.amphibious": {
        "max_turn": 15.0
      },
      "minecraft:movement": {
        "value": 0.1
      },
      "minecraft:underwater_movement": {
        "value": 0.2
      },
      "minecraft:jump.static": {},
      "minecraft:physics": {
        "has_gravity": true,
        "has_collision": true
      },
      "minecraft:pushable": {
        "is_pushable": false
      },
      "minecraft:push_through": {
        "value": 1
      }
    },
    "component_groups": {
      "self:long_range_phase1": {
        "minecraft:shooter": {
          "def": "thump989:water_minister_homing_bubble"
        },
        "minecraft:behavior.ranged_attack": {
          "attack_interval": 1.5,
          "priority": 1,
          "attack_radius": 35
        }
      },
      "self:close_range_phase1": {
        "minecraft:shooter": {
          "def": "thump989:brine_bubble"
        },
        "minecraft:behavior.ranged_attack": {
          "attack_interval": 3,
          "priority": 1,
          "burst_shots": 14,
          "burst_interval": 0,
          "attack_radius": 25
        }
      },
      "self:phase_1": {
        "minecraft:environment_sensor": {
          "triggers": [
            {
              "event": "thump989:phase_2",
              "target": "self",
              "filters": {
                "test": "actor_health",
                "value": 150,
                "operator": "<=",
                "subject": "self"
              }
            },
            {
              "event": "thump989:instant_despawn",
              "target": "self",
              "filters": [
                {
                  "test": "in_water",
                  "value": false,
                  "subject": "self"
                }
              ]
            }
          ]
        },
        "minecraft:target_nearby_sensor": {
          "inside_range": 6,
          "outside_range": 6.1,
          "must_see": true,
          "on_inside_range": {
            "event": "thump989:close_range_phase1",
            "target": "self"
          },
          "on_outside_range": {
            "event": "thump989:long_range_phase1",
            "target": "self"
          }
        }
      },
      "self:phase_2": {
        "minecraft:environment_sensor": {
          "triggers": [
            {
              "event": "thump989:instant_despawn",
              "target": "self",
              "filters": [
                {
                  "test": "in_water",
                  "value": false,
                  "subject": "self"
                }
              ]
            }
          ]
        },
        "minecraft:behavior.sonic_boom": {
          "attack_cooldown": 20,
          "attack_damage": 8,
          "attack_range_horizontal": 15,
          "attack_range_vertical": 20,
          "attack_sound": "sonic_boom",
          "charge_sound": "sonic_charge",
          "duration": 1.55,
          "duration_until_attack_sound": 1.5,
          "knockback_height_cap": 0,
          "speed_multiplier": 0,
          "priority": 0,
          "knockback_horizontal_strength": 0,
          "knockback_vertical_strength": 0
        },
        "minecraft:underwater_movement": {
          "value": 0.35
        },
        "minecraft:mob_effect": {
          "effect_range": 25,
          "cooldown_time": 1,
          "effect_time": 10,
          "entity_filter": {
            "test": "is_family",
            "subject": "other",
            "value": "brine"
          },
          "mob_effect": "regeneration"
        },
        "minecraft:timer": {
          "time": 4,
          "looping": true,
          "time_down_event": {
            "event": "thump989:bubble_launch",
            "target": "self"
          }
        },
        "minecraft:behavior.fire_at_target": {
          "projectile_def": "thump989:brine",
          "attack_cooldown": 15,
          "pre_shoot_delay": 1,
          "post_shoot_delay": 2,
          "priority": 0,
          "attack_range": [0, 30]
        },
        "minecraft:behavior.move_around_target": {
          "destination_position_range": [8, 14],
          "height_difference_limit": 10,
          "horizontal_search_distance": 10,
          "movement_speed": 1.25,
          "vertical_search_distance": 10,
          "priority": 1
        }
      },
      "self:disappear_timer": {
        "minecraft:movement": {
          "value": 0
        },
        "minecraft:underwater_movement": {
          "value": 0
        },
        "minecraft:environment_sensor": {
          "triggers": []
        },
        "minecraft:damage_sensor": {
          "triggers": [
            {
              "cause": "all",
              "deals_damage": "no"
            }
          ]
        },
        "minecraft:variant": {
          "value": 1
        },
        "minecraft:timer": {
          "time": 1.25,
          "looping": true,
          "time_down_event": {
            "event": "thump989:despawn",
            "target": "self"
          }
        }
      },
      "self:instant_despawn": {
        "minecraft:instant_despawn": {
          "remove_child_entities": false
        }
      }
    },
    "events": {
      "thump989:minister_die": {
        "queue_command": {
          "command": ["function water_minister_die"]
        }
      },
      "thump989:bubble_launch": {
        "queue_command": {
          "command": ["summon thump989:water_minister_homing_bubble"]
        }
      },
      "thump989:despawn": {
        "add": {
          "component_groups": ["self:instant_despawn"]
        }
      },
      "thump989:instant_despawn": {
        "add": {
          "component_groups": ["self:disappear_timer"]
        }
      },
      "thump989:phase_2": {
        "remove": {
          "component_groups": [
            "self:phase_1",
            "self:long_range_phase1",
            "self:close_range_phase1"
          ]
        },
        "add": {
          "component_groups": ["self:phase_2"]
        },
        "set_property": {
          "thump989:boss_phase": 2
        }
      },
      "thump989:long_range_phase1": {
        "add": {
          "component_groups": ["self:long_range_phase1"]
        },
        "remove": {
          "component_groups": ["self:close_range_phase1"]
        }
      },
      "thump989:close_range_phase1": {
        "add": {
          "component_groups": ["self:close_range_phase1"]
        },
        "remove": {
          "component_groups": ["self:long_range_phase1"]
        }
      },
      "minecraft:entity_spawned": {
        "add": {
          "component_groups": ["self:phase_1"]
        }
      }
    }
  }
}
