{
  "format_version": "1.17.41",
  "minecraft:recipe_shaped": {
    "description": {
      "identifier": "thump989:fire_minister"
    },
    "tags": ["crafting_table"],
    "pattern": ["BBB", "BEB", "BBB"],
    "key": {
      "B": "minecraft:blaze_rod",
      "E": "minecraft:ender_eye"
    },
    "unlock": [
      {
        "item": "minecraft:ender_eye"
      },
      {
        "item": "minecraft:blaze_rod"
      }
    ],
    "result": [
      {
        "item": "thump989:conjure_fire_minister",
        "count": 1
      }
    ]
  }
}
