{
  "format_version": "1.16.0",
  "minecraft:entity": {
    "description": {
      "identifier": "thump989:ancestral_vex",
      "runtime_identifier": "minecraft:vex",
      "is_spawnable": true,
      "is_summonable": true,
      "is_experimental": false
    },
    "components": {
      "minecraft:experience_reward": {
        "on_death": "query.last_hit_by_player ? 20 + (query.equipment_count * Math.Random(1,3)) : 0"
      },
      "minecraft:nameable": {},
      "minecraft:type_family": {
        "family": ["undead", "monster", "mob"]
      },
      "minecraft:equipment": {
        "table": "loot_tables/spawn_equipment/ancestral_vex.json",
        "slot_drop_chance": [
          {
            "drop_chance": 0,
            "slot": "slot.weapon.mainhand"
          }
        ]
      },
      "minecraft:health": {
        "value": 35,
        "max": 35
      },
      "minecraft:attack": {
        "damage": 6
      },
      "minecraft:collision_box": {
        "width": 0.4,
        "height": 0.8
      },
      "minecraft:movement": {
        "value": 1
      },
      "minecraft:navigation.walk": {
        "can_path_over_water": true
      },
      "minecraft:movement.basic": {},
      "minecraft:jump.static": {},
      "minecraft:can_climb": {},
      "minecraft:fire_immune": {},
      "minecraft:despawn": {
        "despawn_from_distance": {}
      },
      "minecraft:behavior.float": {
        "priority": 0
      },
      "minecraft:behavior.charge_attack": {
        "priority": 4,
        "success_rate": 0.1428,
        "speed_multiplier": 2
      },
      "minecraft:behavior.nearest_attackable_target": {
        "priority": 3,
        "entity_types": [
          {
            "filters": {
              "any_of": [
                {
                  "test": "is_family",
                  "subject": "other",
                  "value": "player"
                },
                {
                  "test": "is_family",
                  "subject": "other",
                  "value": "irongolem"
                },
                {
                  "test": "is_family",
                  "subject": "other",
                  "value": "wolf"
                }
              ]
            },
            "max_dist": 70
          }
        ],
        "must_see": true
      },
      "minecraft:behavior.look_at_player": {
        "priority": 9,
        "look_distance": 6,
        "probability": 0.02
      },
      "minecraft:behavior.look_at_entity": {
        "priority": 9,
        "look_distance": 6,
        "probability": 0.02,
        "filters": {
          "test": "is_family",
          "subject": "other",
          "value": "mob"
        }
      },
      "minecraft:physics": {
        "has_gravity": false,
        "has_collision": false
      },
      "minecraft:conditional_bandwidth_optimization": {}
    }
  }
}
