{
  "format_version": "1.21.70",
  "minecraft:entity": {
    "description": {
      "identifier": "thump989:curse_bomb",
      "is_spawnable": false,
      "is_summonable": true,
      "is_experimental": false,
      "properties": {
        "thump989:effect_variant": {
          "client_sync": true,
          "default": 0,
          "range": [0, 6],
          "type": "int"
        }
      }
    },
    "components": {
      "minecraft:physics": {
        "has_gravity": false,
        "has_collision": false
      },
      "minecraft:pushable": {
        "is_pushable": false
      },
      "minecraft:push_through": {
        "value": 0
      },
      "minecraft:collision_box": {
        "height": 0,
        "width": 0
      },
      "minecraft:ambient_sound_interval": {
        "event_name": "ambient",
        "range": 2,
        "value": 1
      },
      "minecraft:cannot_be_attacked": {},
      "minecraft:mob_effect_immunity": {
        "mob_effects": [
          "absorption",
          "bad_omen",
          "blindness",
          "conduit_power",
          "darkness",
          "fatal_poison",
          "fire_resistance",
          "haste",
          "health_boost",
          "hunger",
          "infested",
          "instant_damage",
          "instant_health",
          "invisibility",
          "jump_boost",
          "levitation",
          "mining_fatigue",
          "nausea",
          "night_vision",
          "oozing",
          "poison",
          "raid_omen",
          "regeneration",
          "resistance",
          "saturation",
          "slow_falling",
          "slowness",
          "speed",
          "strength",
          "trial_omen",
          "village_hero",
          "water_breathing",
          "weakness",
          "weaving",
          "wind_charged",
          "wither"
        ]
      },
      "minecraft:fire_immune": {},
      "minecraft:timer": {
        "time": 5,
        "looping": true,
        "time_down_event": {
          "event": "thump989:cursebomb_explode",
          "target": "self"
        }
      },
      "minecraft:type_family": {
        "family": ["monster"]
      },
      "minecraft:damage_sensor": {
        "triggers": [
          {
            "cause": "all",
            "deals_damage": "no"
          }
        ]
      }
    },
    "component_groups": {
      "self:instant_despawn": {
        "minecraft:instant_despawn": {
          "remove_child_entities": false
        }
      }
    },
    "events": {
      "minecraft:entity_spawned": {
        "set_property": {
          "thump989:effect_variant": "math.random_integer(0,6)"
        }
      },
      "thump989:instant_despawn": {
        "add": {
          "component_groups": ["self:instant_despawn"]
        }
      },
      "thump989:cursebomb_explode": {
        "first_valid": [
          {
            "filters": {
              "test": "int_property",
              "value": 0,
              "subject": "self",
              "domain": "thump989:effect_variant"
            },
            "queue_command": {
              "command": [
                "effect @e[r=5,family=!monster,type=!item] slowness infinite 2 false",
                "particle thump989:effect_explosion_slowness_burst",
                "particle minecraft:huge_explosion_emitter ~ ~0.5 ~",
                "playsound mob.curse_bomb.explode @a ~ ~ ~",
                "event entity @s thump989:instant_despawn"
              ]
            }
          },
          {
            "filters": {
              "test": "int_property",
              "value": 1,
              "subject": "self",
              "domain": "thump989:effect_variant"
            },
            "queue_command": {
              "command": [
                "effect @e[r=5,family=!monster,type=!item] weakness infinite 2 false",
                "particle thump989:effect_explosion_weakness_burst",
                "particle minecraft:huge_explosion_emitter ~ ~0.5 ~",
                "playsound mob.curse_bomb.explode @a ~ ~ ~",
                "event entity @s thump989:instant_despawn"
              ]
            }
          },
          {
            "filters": {
              "test": "int_property",
              "value": 2,
              "subject": "self",
              "domain": "thump989:effect_variant"
            },
            "queue_command": {
              "command": [
                "effect @e[r=5,family=monster,type=!item] weaving infinite 2 false",
                "particle thump989:effect_explosion_weaving_burst",
                "particle minecraft:huge_explosion_emitter ~ ~0.5 ~",
                "playsound mob.curse_bomb.explode @a ~ ~ ~",
                "event entity @s thump989:instant_despawn"
              ]
            }
          },
          {
            "filters": {
              "test": "int_property",
              "value": 3,
              "subject": "self",
              "domain": "thump989:effect_variant"
            },
            "queue_command": {
              "command": [
                "effect @e[r=5,family=!monster,type=!item] darkness infinite 0 false",
                "particle thump989:effect_explosion_darkness_burst",
                "particle minecraft:huge_explosion_emitter ~ ~0.5 ~",
                "playsound mob.curse_bomb.explode @a ~ ~ ~",
                "event entity @s thump989:instant_despawn"
              ]
            }
          },
          {
            "filters": {
              "test": "int_property",
              "value": 4,
              "subject": "self",
              "domain": "thump989:effect_variant"
            },
            "queue_command": {
              "command": [
                "effect @e[r=5,family=!monster,type=!item] hunger infinite 1 false",
                "particle thump989:effect_explosion_hunger_burst",
                "particle minecraft:huge_explosion_emitter ~ ~0.5 ~",
                "playsound mob.curse_bomb.explode @a ~ ~ ~",
                "event entity @s thump989:instant_despawn"
              ]
            }
          },
          {
            "filters": {
              "test": "int_property",
              "value": 5,
              "subject": "self",
              "domain": "thump989:effect_variant"
            },
            "queue_command": {
              "command": [
                "effect @e[r=5,family=!monster,type=!item] trial_omen infinite 0 false",
                "particle thump989:effect_explosion_trialomen_burst",
                "particle minecraft:huge_explosion_emitter ~ ~0.5 ~",
                "playsound mob.curse_bomb.explode @a ~ ~ ~",
                "event entity @s thump989:instant_despawn"
              ]
            }
          },
          {
            "filters": {
              "test": "int_property",
              "value": 6,
              "subject": "self",
              "domain": "thump989:effect_variant"
            },
            "queue_command": {
              "command": [
                "effect @e[r=5,family=!monster,type=!item] wither 99999 0 false",
                "particle thump989:effect_explosion_wither_burst",
                "particle minecraft:huge_explosion_emitter ~ ~0.5 ~",
                "playsound mob.curse_bomb.explode @a ~ ~ ~",
                "event entity @s thump989:instant_despawn"
              ]
            }
          }
        ]
      }
    }
  }
}
