{
  "format_version": "1.21.70",
  "minecraft:entity": {
    "description": {
      "identifier": "thump989:evil_skull",
      "is_spawnable": false,
      "is_summonable": true,
      "is_experimental": false,
      "runtime_identifier": "minecraft:snowball"
    },
    "components": {
      "minecraft:physics": {
        "has_gravity": true,
        "has_collision": true
      },
      "minecraft:type_family": {
        "family": ["monster"]
      },
      "minecraft:cannot_be_attacked": {},
      "minecraft:pushable": {
        "is_pushable": false
      },
      "minecraft:push_through": {
        "value": 1
      },
      "minecraft:projectile": {
        "gravity": 0,
        "inertia": 1,
        "anchor": 1,
        "liquid_inertia": 1,
        "on_fire_time": 10,
        "catch_fire": true,
        "multiple_targets": true,
        "ignored_entities": ["minecraft:zombie"],
        "on_hit": {
          "impact_damage": {
            "damage": 15,
            "knockback": true,
            "destroy_on_hit": false
          }
        }
      },
      "minecraft:transient": {}
    }
  }
}
