{
  "format_version": "1.21.70",
  "minecraft:entity": {
    "description": {
      "identifier": "thump989:ominous_sentry",
      "is_spawnable": true,
      "is_summonable": true,
      "is_experimental": false
    },
    "components": {
      "minecraft:physics": {
        "has_gravity": false,
        "has_collision": true,
        "push_towards_closest_space": false
      },
      "minecraft:knockback_resistance": {
        "value": 1,
        "max": 1
      },
      "minecraft:type_family": {
        "family": ["ominous", "inanimate"]
      },
      "minecraft:mob_effect_immunity": {
        "mob_effects": [
          "absorption",
          "bad_omen",
          "blindness",
          "conduit_power",
          "darkness",
          "fatal_poison",
          "fire_resistance",
          "haste",
          "health_boost",
          "hunger",
          "infested",
          "instant_damage",
          "instant_health",
          "jump_boost",
          "levitation",
          "mining_fatigue",
          "nausea",
          "night_vision",
          "oozing",
          "poison",
          "raid_omen",
          "regeneration",
          "resistance",
          "saturation",
          "slow_falling",
          "slowness",
          "speed",
          "strength",
          "trial_omen",
          "village_hero",
          "water_breathing",
          "weakness",
          "weaving",
          "wind_charged",
          "wither"
        ]
      },
      "minecraft:spell_effects": {
        "add_effects": [
          {
            "amplifier": 0,
            "visible": false,
            "effect": "invisibility",
            "duration": "infinite"
          }
        ]
      },
      "minecraft:renders_when_invisible": {},
      "minecraft:pushable": {
        "is_pushable": false,
        "is_pushable_by_piston": false
      },
      "minecraft:push_through": {
        "value": 1
      },
      "minecraft:movement": {
        "value": 0
      },
      "minecraft:movement.basic": {},
      "minecraft:jump.static": {},
      "minecraft:navigation.walk": {
        "avoid_water": true
      },
      "minecraft:collision_box": {
        "height": 0.95,
        "width": 0.95
      },
      "minecraft:is_collidable": {},
      "minecraft:persistent": {},
      "minecraft:health": {
        "value": 1,
        "max": 1
      },
      "minecraft:damage_sensor": {
        "triggers": [
          {
            "on_damage": {
              "filters": [
                {
                  "any_of": [
                    {
                      "test": "has_equipment",
                      "subject": "other",
                      "domain": "hand",
                      "value": "thump989:sceptre_of_the_watcher",
                      "operator": "not"
                    },
                    {
                      "test": "is_family",
                      "subject": "other",
                      "value": "monster"
                    }
                  ]
                }
              ]
            },
            "deals_damage": "no"
          }
        ]
      },
      "minecraft:fire_immune": {},
      "minecraft:cannot_be_attacked": {},
      "minecraft:behavior.nearest_attackable_target": {
        "must_see": true,
        "reselect_targets": true,
        "scan_interval": 10,
        "entity_types": [
          {
            "filters": [
              {
                "all_of": [
                  {
                    "test": "has_mob_effect",
                    "subject": "other",
                    "value": "trial_omen"
                  },
                  {
                    "test": "has_equipment",
                    "subject": "other",
                    "domain": "hand",
                    "value": "thump989:ominous_talisman",
                    "operator": "!="
                  }
                ]
              }
            ],
            "reevaluate_description": true,
            "max_dist": 16
          }
        ]
      },
      "minecraft:behavior.ranged_attack": {
        "attack_interval": 2,
        "attack_radius": 16
      },
      "minecraft:shooter": {
        "def": "thump989:player_ominous_fireball",
        "projectiles": [
          {
            "def": "thump989:ominous_fireball",
            "filters": {
              "any_of": [
                {
                  "test": "is_family",
                  "subject": "other",
                  "value": "player"
                },
                {
                  "test": "is_family",
                  "subject": "other",
                  "value": "irongolem"
                },
                {
                  "test": "is_family",
                  "subject": "other",
                  "value": "wolf"
                }
              ]
            }
          }
        ]
      }
    },
    "component_groups": {
      "self:inactive": {
        "minecraft:variant": {
          "value": 0
        },
        "minecraft:body_rotation_axis_aligned": {},
        "minecraft:body_rotation_blocked": {},
        "minecraft:environment_sensor": {
          "triggers": [
            {
              "event": "thump989:target_aquired",
              "target": "self",
              "filters": {
                "test": "has_target",
                "subject": "self",
                "value": true
              }
            }
          ]
        }
      },
      "self:active": {
        "minecraft:variant": {
          "value": 1
        },
        "minecraft:environment_sensor": {
          "triggers": [
            {
              "event": "thump989:target_lost",
              "target": "self",
              "filters": {
                "test": "has_target",
                "subject": "self",
                "value": false
              }
            }
          ]
        }
      },
      "self:instant_despawn": {
        "minecraft:instant_despawn": {
          "remove_child_entities": false
        }
      }
    },
    "events": {
      "minecraft:entity_spawned": {
        "add": {
          "component_groups": ["self:inactive"]
        }
      },
      "thump989:instant_despawn": {
        "add": {
          "component_groups": ["self:instant_despawn"]
        }
      },
      "thump989:target_aquired": {
        "remove": {
          "component_groups": ["self:inactive"]
        },
        "add": {
          "component_groups": ["self:active"]
        }
      },
      "thump989:target_lost": {
        "remove": {
          "component_groups": ["self:active"]
        },
        "add": {
          "component_groups": ["self:inactive"]
        }
      }
    }
  }
}
