{
  "format_version": "1.21.70",
  "minecraft:entity": {
    "description": {
      "identifier": "thump989:player_ominous_fireball",
      "is_spawnable": false,
      "is_summonable": true,
      "is_experimental": false,
      "runtime_identifier": "minecraft:snowball"
    },
    "components": {
      "minecraft:physics": {
        "has_gravity": true,
        "has_collision": true
      },
      "minecraft:type_family": {
        "family": ["projectile"]
      },
      "minecraft:transient": {},
      "minecraft:projectile": {
        "on_hit": {
          "impact_damage": {
            "damage": 15,
            "knockback": true,
            "catch_fire": true,
            "semi_random_diff_damage": false
          },
          "remove_on_hit": {}
        },
        "ignored_entities": ["minecraft:player"],
        "power": 1,
        "gravity": 0.0,
        "catch_fire": true,
        "on_fire_time": 8,
        "inertia": 1,
        "liquid_inertia": 1,
        "anchor": 2,
        "offset": [0, 0, 0],
        "reflect_on_hurt": false
      },
      "minecraft:pushable": {
        "is_pushable": false
      },
      "minecraft:push_through": {
        "value": 1
      }
    }
  }
}
