{
  "format_version": "1.16.100",
  "minecraft:entity": {
    "description": {
      "identifier": "thump989:sinister_witch_blast",
      "is_spawnable": false,
      "is_summonable": true,
      "is_experimental": false,
      "runtime_identifier": "minecraft:snowball",
      "animations": {
        "seek": "animation.witch_blast.seek"
      },
      "scripts": {
        "animate": ["seek"]
      }
    },
    "components": {
      "minecraft:physics": {
        "has_gravity": true,
        "has_collision": true
      },
      "minecraft:fire_immune": {},
      "minecraft:type_family": {
        "family": ["monster", "inanimate"]
      },
      "minecraft:cannot_be_attacked": {},
      "minecraft:pushable": {
        "is_pushable": false
      },
      "minecraft:push_through": {
        "value": 1
      },
      "minecraft:projectile": {
        "anchor": 1,
        "offset": [0, 0, 0],
        "gravity": 0,
        "inertia": 0.5,
        "liquid_inertia": 0.5,
        "power": 1
      },
      "minecraft:area_attack": {
        "damage_per_tick": 10,
        "damage_range": 0.2,
        "entity_filter": [
          {
            "any_of": [
              {
                "test": "is_family",
                "subject": "other",
                "value": "player"
              },
              {
                "test": "is_family",
                "subject": "other",
                "value": "irongolem"
              },
              {
                "test": "is_family",
                "subject": "other",
                "value": "wolf"
              }
            ]
          }
        ],
        "cause": "magic"
      },
      "minecraft:timer": {
        "time": 5,
        "looping": true,
        "time_down_event": {
          "event": "thump989:instant_despawn",
          "target": "self"
        }
      }
    },
    "component_groups": {
      "self:instant_despawn": {
        "minecraft:instant_despawn": {
          "remove_child_entities": false
        }
      }
    },
    "events": {
      "thump989:instant_despawn": {
        "add": {
          "component_groups": ["self:instant_despawn"]
        }
      }
    }
  }
}
