{
  "format_version": "1.17.41",
  "minecraft:recipe_shaped": {
    "description": {
      "identifier": "thump989:cureall_tome"
    },
    "tags": ["mystic_workbench"],
    "pattern": ["CMC", "PBP", "PPP"],
    "key": {
      "P": "thump989:pure_magic",
      "B": "minecraft:book",
      "C": "thump989:mystic_cheese",
      "M": "minecraft:milk_bucket"
    },
    "unlock": [
      {
        "item": "thump989:mystic_workbench"
      },
      { "item": "thump989:cube_of_knowledge" }
    ],
    "result": [
      {
        "item": "thump989:cureall_tome"
      }
    ]
  }
}
