{
  "format_version": "1.17.41",
  "minecraft:recipe_shaped": {
    "description": {
      "identifier": "thump989:fate_tome"
    },
    "tags": ["mystic_workbench"],
    "pattern": ["CCC", "PBP", "PPP"],
    "key": {
      "P": "thump989:pure_magic",
      "B": "minecraft:book",
      "C": "thump989:cursed_soulbone"
    },
    "unlock": [
      {
        "item": "thump989:cursed_soulbone"
      }
    ],
    "result": [
      {
        "item": "thump989:tome_of_tempted_fate"
      }
    ]
  }
}
