{
  "format_version": "1.17.41",
  "minecraft:recipe_shaped": {
    "description": {
      "identifier": "thump989:flight_tome"
    },
    "tags": ["crafting_table"],
    "pattern": ["GLG", "PBP", "PPP"],
    "key": {
      "P": "thump989:pure_magic",
      "B": "minecraft:book",
      "L": "minecraft:feather",
      "G": "minecraft:phantom_membrane"
    },
    "unlock": [
      {
        "item": "thump989:pure_magic"
      }
    ],
    "result": [
      {
        "item": "thump989:flight_tome"
      }
    ]
  }
}
