{
  "format_version": "1.17.41",
  "minecraft:recipe_shaped": {
    "description": {
      "identifier": "thump989:lifeweaver_tome_dx"
    },
    "tags": ["mystic_workbench"],
    "pattern": ["LGL", "PBP", "PPP"],
    "key": {
      "P": "thump989:pure_magic",
      "B": "thump989:lifeweaver_tome",
      "L": "minecraft:golden_apple",
      "G": "minecraft:enchanted_golden_apple"
    },
    "unlock": [
      {
        "item": "thump989:mystic_workbench"
      },
      { "item": "thump989:cube_of_knowledge" }
    ],
    "result": [
      {
        "item": "thump989:lifeweaver_tome_dx"
      }
    ]
  }
}
