{
  "format_version": "1.17.41",
  "minecraft:recipe_shaped": {
    "description": {
      "identifier": "thump989:magic_boomerang"
    },
    "tags": ["mystic_workbench"],
    "pattern": ["ASA", "PBP", "PPP"],
    "key": {
      "P": "thump989:pure_magic",
      "A": "minecraft:amethyst_shard",
      "B": "minecraft:book",
      "S": "minecraft:shulker_shell"
    },
    "unlock": [
      {
        "item": "thump989:mystic_workbench"
      },
      { "item": "thump989:cube_of_knowledge" }
    ],
    "result": [
      {
        "item": "thump989:magic_boomerang_tome"
      }
    ]
  }
}
