{
  "format_version": "1.17.41",
  "minecraft:recipe_shaped": {
    "description": {
      "identifier": "thump989:magic_missile"
    },
    "tags": ["mystic_workbench"],
    "pattern": ["ECE", "PBP", "PPP"],
    "key": {
      "P": "thump989:pure_magic",
      "B": "thump989:arcane_tome",
      "E": "minecraft:emerald",
      "C": "minecraft:crossbow"
    },
    "unlock": [
      {
        "item": "thump989:mystic_workbench"
      },
      { "item": "thump989:cube_of_knowledge" }
    ],
    "result": [
      {
        "item": "thump989:magic_missile"
      }
    ]
  }
}
