{
  "format_version": "1.21.40",
  "minecraft:entity": {
    "description": {
      "identifier": "thump989:air_staff_projectile",
      "is_spawnable": false,
      "is_summonable": true,
      "runtime_identifier": "minecraft:wind_charge_projectile"
    },
    "components": {
      "minecraft:collision_box": {
        "width": 0.3125,
        "height": 0.3125
      },
      "minecraft:transient": {},
      "minecraft:explode": {
        "power": 1.2,
        "particle_effect": "wind_burst",
        "sound_effect": "wind_charge.burst",
        "knockback_scaling": 1.22,
        "negates_fall_damage": true,
        "causes_fire": false,
        "breaks_blocks": false,
        "allow_underwater": true,
        "toggles_blocks": true,
        "damage_scaling": 0,
        "max_resistance": 0
      },
      "minecraft:tameable": {
        "probability": 1
      },
      "minecraft:projectile": {
        "on_hit": {
          "impact_damage": {
            "damage": 6,
            "max_critical_damage": 1.0,
            "knockback": true
          },
          "wind_burst_on_hit": {}
        },
        "power": 1.5,
        "gravity": 0.0,
        "inertia": 1.0,
        "liquid_inertia": 1.0,
        "uncertainty_base": 1.0,
        "uncertainty_multiplier": 0.0,
        "reflect_on_hurt": false,
        "multiple_targets": false,
        "ignored_entities": [
          "minecraft:player",
          "ender_crystal",
          "wind_charge_projectile",
          "breeze_wind_charge_projectile"
        ]
      },
      "minecraft:physics": {},
      "minecraft:pushable": {
        "is_pushable": false,
        "is_pushable_by_piston": true
      },
      "minecraft:conditional_bandwidth_optimization": {
        "default_values": {
          "max_optimized_distance": 80.0,
          "max_dropped_ticks": 7,
          "use_motion_prediction_hints": true
        }
      },
      "minecraft:type_family": {
        "family": ["wind_charge", "wind_charge_projectile"]
      }
    }
  }
}
