{
  "format_version": "1.16.100",
  "minecraft:entity": {
    "description": {
      "identifier": "thump989:arcane_bullet_dx",
      "is_spawnable": false,
      "is_summonable": true,
      "is_experimental": false,
      "runtime_identifier": "minecraft:snowball"
    },
    "components": {
      "minecraft:physics": {
        "has_gravity": true,
        "has_collision": true
      },
      "minecraft:tameable": {
        "probability": 1
      },
      "minecraft:transient": {},
      "minecraft:variant": {
        "value": 6
      },
      "minecraft:type_family": {
        "family": ["inanimate", "magic_projectile", "killable"]
      },
      "minecraft:projectile": {
        "on_hit": {
          "stick_in_ground": {}
        },
        "ignored_entities": ["minecraft:player"],
        "power": 1.6,
        "inertia": 1,
        "stop_on_hurt": true,
        "multiple_targets": false,
        "liquid_inertia": 1,
        "gravity": 0.025,
        "should_bounce": true
      },
      "minecraft:environment_sensor": {
        "triggers": [
          {
            "event": "thump989:projectile",
            "target": "self",
            "filters": {
              "test": "on_ground",
              "subject": "self"
            }
          }
        ]
      },
      "minecraft:pushable": {
        "is_pushable": false
      },
      "minecraft:push_through": {
        "value": 1
      }
    },
    "component_groups": {
      "self:instant_despawn": {
        "minecraft:instant_despawn": {
          "remove_child_entities": false
        }
      }
    },
    "events": {
      "thump989:instant_despawn": {
        "add": {
          "component_groups": ["self:instant_despawn"]
        }
      },
      "thump989:projectile": {
        "queue_command": {
          "command": [
            "particle thump989:arcane_bullet_hit",
            "event entity @s thump989:instant_despawn"
          ]
        }
      }
    }
  }
}
