{
  "format_version": "1.16.100",
  "minecraft:entity": {
    "description": {
      "identifier": "thump989:emerald_cannonball",
      "is_spawnable": false,
      "is_summonable": true,
      "is_experimental": false,
      "runtime_identifier": "minecraft:snowball"
    },
    "components": {
      "minecraft:physics": {
        "has_gravity": true,
        "has_collision": true
      },
      "minecraft:type_family": {
        "family": ["mob", "ordinance"]
      },
      "minecraft:transient": {},
      "minecraft:timer": {
        "time": 3,
        "looping": true,
        "time_down_event": {
          "event": "thump989:instant_despawn",
          "target": "self"
        }
      },
      "minecraft:projectile": {
        "anchor": 2,
        "gravity": 0,
        "inertia": 1,
        "offset": [0, 0.25, 0],
        "liquid_inertia": 1,
        "power": 1.3,
        "ignored_entities": [
          "minecraft:player",
          "minecraft:iron_golem",
          "minecraft:snow_golem",
          "minecraft:wolf",
          "minecraft:cat",
          "minecraft:parrot"
        ],
        "on_hit": {
          "impact_damage": {
            "damage": 8,
            "knockback": false
          },
          "remove_on_hit": {}
        }
      }
    },
    "component_groups": {
      "self:instant_despawn": {
        "minecraft:instant_despawn": {
          "remove_child_entities": false
        }
      }
    },
    "events": {
      "thump989:instant_despawn": {
        "add": {
          "component_groups": ["self:instant_despawn"]
        }
      }
    }
  }
}
