{
  "format_version": "1.16.100",
  "minecraft:entity": {
    "description": {
      "identifier": "thump989:fire_staff_fireball",
      "is_spawnable": false,
      "is_summonable": true,
      "is_experimental": false,
      "runtime_identifier": "minecraft:fireball",
      "properties": {
        "thump989:burn_time": {
          "client_sync": true,
          "default": 7,
          "range": [0, 7],
          "type": "int"
        },
        "thump989:blast_damage": {
          "client_sync": true,
          "default": 7,
          "range": [0, 7],
          "type": "int"
        },
        "thump989:blast_radius": {
          "client_sync": true,
          "default": 5.0,
          "range": [0.0, 7.0],
          "type": "float"
        }
      }
    },
    "component_groups": {},
    "components": {
      "minecraft:collision_box": {
        "width": 0.31,
        "height": 0.31
      },
      "minecraft:transient": {},
      "minecraft:projectile": {
        "on_hit": {
          "stick_in_ground": {},
          "impact_damage": {
            "damage": 12,
            "knockback": true,
            "semi_random_diff_damage": false
          }
        },
        "power": 1.6,
        "gravity": 0.0,
        "stop_on_hurt": true,
        "multiple_targets": false,
        "inertia": 1,
        "ignored_entities": ["minecraft:player", "minecraft:wolf"],
        "liquid_inertia": 1,
        "uncertainty_base": 0,
        "uncertainty_multiplier": 0,
        "anchor": 1,
        "offset": [0, 0.1, 0],
        "reflect_on_hurt": false,
        "catch_fire": true
      },
      "minecraft:tameable": {
        "probability": 1
      },
      "minecraft:type_family": {
        "family": ["inanimate", "explosive_projectile", "fire_projectile"]
      },
      "minecraft:physics": {},
      "minecraft:pushable": {
        "is_pushable": true,
        "is_pushable_by_piston": true
      },
      "minecraft:conditional_bandwidth_optimization": {
        "default_values": {
          "max_optimized_distance": 80.0,
          "max_dropped_ticks": 7,
          "use_motion_prediction_hints": true
        }
      }
    },
    "events": {
      "minecraft:explode": {
        "add": {
          "component_groups": ["minecraft:exploding"]
        }
      }
    }
  }
}
