{
  "format_version": "1.16.100",
  "minecraft:entity": {
    "description": {
      "identifier": "thump989:frostwinds",
      "is_spawnable": false,
      "is_summonable": true,
      "is_experimental": false,
      "runtime_identifier": "minecraft:wind_charge_projectile"
    },
    "components": {
      "minecraft:collision_box": {
        "width": 0.3125,
        "height": 0.3125
      },
      "minecraft:tameable": {
        "probability": 1
      },
      "minecraft:environment_sensor": {
        "triggers": [
          {
            "event": "thump989:explode",
            "target": "self",
            "filters": {
              "test": "on_ground",
              "value": true
            }
          }
        ]
      },
      "minecraft:projectile": {
        "on_hit": {
          "mob_effect": {
            "amplifier": 1,
            "durationeasy": 400,
            "durationhard": 400,
            "durationnormal": 400,
            "duration": 400,
            "effect": "slowness"
          },
          "impact_damage": {
            "damage": 11,
            "knockback": true
          },
          "stick_in_ground": {}
        },
        "power": 1.5,
        "gravity": 0.0,
        "inertia": 1.0,
        "liquid_inertia": 1.0,
        "uncertainty_base": 1.0,
        "uncertainty_multiplier": 0.0,
        "reflect_on_hurt": false,
        "multiple_targets": true,
        "ignored_entities": [
          "minecraft:player",
          "ender_crystal",
          "wind_charge_projectile",
          "breeze_wind_charge_projectile"
        ]
      },
      "minecraft:transient": {},
      "minecraft:physics": {},
      "minecraft:pushable": {
        "is_pushable": false,
        "is_pushable_by_piston": true
      },
      "minecraft:conditional_bandwidth_optimization": {
        "default_values": {
          "max_optimized_distance": 80.0,
          "max_dropped_ticks": 7,
          "use_motion_prediction_hints": true
        }
      },
      "minecraft:type_family": {
        "family": ["wind_charge", "wind_charge_projectile"]
      }
    },
    "component_groups": {
      "self:explode": {
        "minecraft:explode": {
          "power": 1.2,
          "fuse_length": [0, 0],
          "fuse_lit": true,
          "particle_effect": "wind_burst",
          "sound_effect": "wind_charge.burst",
          "knockback_scaling": 1.4,
          "negates_fall_damage": true,
          "causes_fire": false,
          "breaks_blocks": false,
          "allow_underwater": true,
          "toggles_blocks": true,
          "damage_scaling": 0,
          "max_resistance": 0
        }
      }
    },
    "events": {
      "thump989:explode": {
        "add": {
          "component_groups": ["self:explode"]
        }
      }
    }
  }
}
