{
  "format_version": "1.16.100",
  "minecraft:entity": {
    "description": {
      "identifier": "thump989:magic_trident",
      "is_spawnable": false,
      "is_summonable": true,
      "is_experimental": false,
      "runtime_identifier": "minecraft:snowball"
    },
    "components": {
      "minecraft:physics": {
        "has_gravity": true,
        "has_collision": true
      },
      "minecraft:pushable": {
        "is_pushable": false
      },
      "minecraft:tameable": {
        "probability": 1
      },
      "minecraft:variant": {
        "value": 13
      },
      "minecraft:type_family": {
        "family": ["inanimate", "magic_projectile", "killable"]
      },
      "minecraft:collision_box": {
        "width": 0.25,
        "height": 0.35
      },
      "minecraft:projectile": {
        "on_hit": {
          "stick_in_ground": {},
          "definition_event": {
            "affect_projectile": true,
            "event_trigger": {
              "event": "thump989:despawn_timer",
              "target": "self"
            }
          }
        },
        "inertia": 0.99,
        "liquid_inertia": 0.99,
        "hit_sound": "item.trident.hit",
        "hit_ground_sound": "item.trident.hit_ground",
        "power": 4,
        "gravity": 0.1,
        "uncertainty_base": 1,
        "uncertainty_multiplier": 0,
        "stop_on_hurt": true,
        "anchor": 1,
        "should_bounce": true,
        "multiple_targets": false,
        "offset": [0, -0.1, 0]
      },
      "minecraft:transient": {},
      "minecraft:dimension_bound": {}
    },
    "component_groups": {
      "self:despawn_timer": {
        "minecraft:timer": {
          "time": 3.5,
          "looping": true,
          "time_down_event": {
            "event": "thump989:instant_despawn",
            "target": "self"
          }
        }
      },
      "self:instant_despawn": {
        "minecraft:instant_despawn": {
          "remove_child_entities": false
        }
      }
    },
    "events": {
      "thump989:instant_despawn": {
        "add": {
          "component_groups": ["self:instant_despawn"]
        }
      },
      "thump989:despawn_timer": {
        "add": {
          "component_groups": ["self:despawn_timer"]
        },
        "queue_command": {
          "command": ["scriptevent thump989:stormtrident thunder_arc_2"]
        }
      }
    }
  }
}
