{
  "format_version": "1.16.100",
  "minecraft:entity": {
    "description": {
      "identifier": "thump989:thunder_orb",
      "is_spawnable": false,
      "is_summonable": true,
      "is_experimental": false,
      "runtime_identifier": "minecraft:snowball",
      "animations": {
        "aura": "animation.thunder_orb_aura"
      },
      "scripts": {
        "animate": ["aura"]
      }
    },
    "components": {
      "minecraft:physics": {
        "has_gravity": false,
        "has_collision": false
      },
      "minecraft:fire_immune": {},
      "minecraft:transient": {},
      "minecraft:tameable": {
        "probability": 1
      },
      "minecraft:cannot_be_attacked": {},
      "minecraft:knockback_resistance": {
        "value": 1,
        "max": 1
      },
      "minecraft:type_family": {
        "family": ["mob", "player", "inanimate"]
      },
      "minecraft:pushable": {
        "is_pushable": false
      },
      "minecraft:push_through": {
        "value": 1
      },
      "minecraft:timer": {
        "time": 9,
        "looping": true,
        "time_down_event": {
          "event": "thump989:instant_despawn",
          "target": "self"
        }
      },
      "minecraft:projectile": {
        "anchor": 0,
        "gravity": 0,
        "inertia": 1,
        "liquid_inertia": 1,
        "power": 1
      }
    },
    "component_groups": {
      "self:instant_despawn": {
        "minecraft:instant_despawn": {
          "remove_child_entities": false
        }
      }
    },
    "events": {
      "thump989:instant_despawn": {
        "add": {
          "component_groups": ["self:instant_despawn"]
        }
      }
    }
  }
}
