{
  "format_version": "1.16.100",
  "minecraft:entity": {
    "description": {
      "identifier": "thump989:toxic_dart",
      "is_spawnable": false,
      "is_summonable": true,
      "is_experimental": false,
      "runtime_identifier": "minecraft:snowball"
    },
    "components": {
      "minecraft:physics": {
        "has_gravity": true,
        "has_collision": true
      },
      "minecraft:tameable": {
        "probability": 1
      },
      "minecraft:type_family": {
        "family": ["shotgun_projectile", "killable"]
      },
      "minecraft:variant": {
        "value": 3
      },
      "minecraft:transient": {},
      "minecraft:projectile": {
        "on_hit": {
          "stick_in_ground": {
            "shake_time": 0.35
          },
          "arrow_effect": {}
        },
        "hit_sound": "bow.hit",
        "power": 1.6,
        "gravity": 0.05,
        "anchor": 1,
        "should_bounce": true,
        "offset": [0, -0.1, 0]
      },
      "minecraft:pushable": {
        "is_pushable": false
      },
      "minecraft:push_through": {
        "value": 1
      }
    }
  }
}
